Player_Name,Age,Overall,Potential,Sprint_Speed,Finishing,Short_Passing,Dribbling,Standing_Tackle,Strength,Career_Stage_28+ (Veteran),Career_Stage_U21 (Wonderkid),Broad_Position_Defender,Broad_Position_Midfielder,True_Value_EUR,Predicted_Value_EUR,Age_SHAP,Overall_SHAP,Potential_SHAP,Sprint_Speed_SHAP,Finishing_SHAP,Short_Passing_SHAP,Dribbling_SHAP,Standing_Tackle_SHAP,Strength_SHAP,Career_Stage_28+ (Veteran)_SHAP,Career_Stage_U21 (Wonderkid)_SHAP,Broad_Position_Defender_SHAP,Broad_Position_Midfielder_SHAP
Enzo Le Fée,25,78.0,80.0,63.0,60.0,80.0,79.0,74.0,55.0,0,0,0,1,18406037.000000015,19067908.0,-0.03617418,-0.1825662,-0.10508225,-0.043685403,-0.016963348,0.014389955,0.0014993793,-0.029946657,-0.049684424,0.0006638357,-0.0040743165,6.621503e-05,-0.005579343
Mika Godts,20,77.0,86.0,81.0,72.0,74.0,84.0,50.0,63.0,0,1,0,0,18406037.000000015,20508332.0,0.038798466,-0.22783066,-0.03683806,-0.028094353,-0.010672404,-0.0038571986,0.01928339,-0.04839421,-0.09252279,0.00056003215,0.0033659888,0.0005827685,0.001310612
Gabriel Teodoro Martinelli Silva,24,81.0,84.0,89.0,79.0,77.0,85.0,44.0,63.0,0,0,0,0,33130866.00000001,31161204.0,-0.0107279755,-0.014129644,-0.074047156,0.053373035,0.018446129,-0.005547646,0.06428772,0.10235241,-0.102135785,0.0012314218,-0.0014491299,0.00046386928,0.0019077109
Richarlison de Andrade,28,79.0,79.0,75.0,79.0,76.0,80.0,58.0,74.0,1,0,0,0,20614760.99999998,22421896.0,-0.023581682,-0.14799988,-0.09745656,0.009297464,0.0019580075,0.000365724,-0.014637552,-0.04600527,0.018606262,0.004437504,-0.0025959064,0.00024890387,0.0022583592
Omar Marmoush,26,83.0,83.0,90.0,85.0,82.0,85.0,30.0,67.0,0,0,0,0,44174489.00000005,43662200.0,0.005938512,0.08804779,-0.069521286,0.0997578,0.06947945,0.0040018396,0.10701538,0.046458814,0.018394066,0.0013201884,-0.0018309419,0.000808169,0.0014598927
Alessandro Bastoni,26,87.0,89.0,77.0,40.0,84.0,77.0,88.0,81.0,0,0,1,0,51536904.0,60468380.0,0.025647284,0.4246372,0.2860653,0.0063202297,-0.018566662,0.031217089,-0.015584682,-0.017297596,0.027782347,0.007056332,-0.0011455211,-0.060607877,0.0014505365
Mamadou Sarr,19,77.0,84.0,76.0,21.0,72.0,53.0,79.0,82.0,0,1,1,0,18406037.000000015,20116804.0,0.05981403,-0.19624029,-0.08273322,0.0013774197,-0.10926238,-0.03811255,-0.053700496,-0.02855929,0.03915643,0.00036285009,0.005298301,-0.003839013,0.002844684
Elliot Anderson,22,82.0,86.0,68.0,66.0,83.0,82.0,83.0,75.0,0,0,0,1,44174489.00000005,34128652.0,0.07388703,0.018240247,-0.019095626,0.01759537,0.0076163113,0.0006023394,0.029094223,-0.0011138349,0.004505183,0.0014429694,-0.0044683055,0.0016116897,-0.0049215904
Kouadio Manu Koné,24,80.0,84.0,72.0,71.0,82.0,83.0,79.0,82.0,0,0,0,1,36812074.00000004,31222244.0,0.00040948688,-0.089242175,-0.07859566,0.026289737,0.0117702475,0.010131651,0.083715014,-0.013907825,0.09022683,0.0013618371,-0.0035953524,0.0008592826,-0.0034417212
Eberechi Eze,27,84.0,85.0,75.0,80.0,84.0,87.0,63.0,68.0,0,0,0,0,44174489.00000005,30715448.0,-0.12807353,0.15392031,-0.08659769,0.016584927,0.0089981165,0.033945363,0.06532022,-0.054107934,0.007218708,0.0020995813,-0.0021243263,0.0005460378,0.001892376
Alejandro Garnacho,21,78.0,84.0,84.0,77.0,74.0,78.0,37.0,42.0,0,1,0,0,29449658.99999995,25107596.0,0.039428744,-0.16990022,-0.08696328,-0.021779828,0.023110723,0.0013548246,-0.00045842474,0.05300005,-0.026691586,0.00061047217,0.0039042968,0.00026985919,0.0021442056
Manuel Locatelli,27,84.0,85.0,65.0,60.0,85.0,76.0,85.0,73.0,0,0,0,1,18406037.000000015,20568580.0,-0.16335894,0.0999042,-0.104789466,-0.061004944,-0.056522835,0.020950906,-0.080923714,-0.013759963,-0.005955409,0.002420669,-0.0030594901,-0.0014183882,-0.013862965
James Maddison,28,83.0,83.0,65.0,80.0,86.0,86.0,68.0,56.0,1,0,0,1,18406037.000000015,19196140.0,-0.16939074,-0.05871789,-0.09729166,-0.04507725,-0.0050640404,0.023034925,0.049362198,-0.03625691,-0.093737796,-0.0049646255,-0.0040694536,-0.0007989061,-0.007458694
Cody Gakpo,26,83.0,84.0,82.0,81.0,81.0,86.0,48.0,75.0,0,0,0,0,47855696.0,38910110.0,0.00714234,0.09510756,-0.08115126,-0.0045518624,0.016162127,0.039442185,0.104090914,0.027611524,0.050458413,0.0012466828,-0.0018309419,0.0008254125,0.0015500047
Trent Alexander-Arnold,26,85.0,86.0,79.0,64.0,87.0,79.0,82.0,68.0,0,0,1,0,47855696.0,46067684.0,0.02997188,0.34776965,-0.038727615,0.0031638986,-0.0023778905,0.07519961,0.007416135,0.014395401,-0.005011002,0.003537055,-0.0017735695,-0.009517246,0.00091896823
Cole Palmer,23,86.0,89.0,75.0,82.0,87.0,87.0,50.0,60.0,0,0,0,1,80986563.00000006,78801430.0,0.054075707,0.4253283,0.3578336,0.014641649,0.021192655,0.08411164,0.058086563,0.0032087094,-0.06261807,0.0059651462,-0.0012858132,0.010981608,-0.009743077
Ibrahim Maza,19,78.0,86.0,76.0,67.0,80.0,83.0,68.0,62.0,0,1,0,1,29449658.99999995,27845164.0,0.11651106,-0.1665105,0.00063393696,0.0056112856,0.001827552,0.033834532,0.03445021,-0.03767712,-0.070489764,0.0010431126,0.008349784,0.00056192995,-0.006626974
Pape Matar Sarr,22,80.0,85.0,66.0,65.0,82.0,81.0,80.0,71.0,0,0,0,1,23559726.99999998,27857436.0,0.04000072,-0.08828619,-0.04695626,0.013308523,0.00653211,0.0077930484,0.013398315,-0.007207792,-0.010224141,0.0013891727,-0.004455683,0.001580793,-0.0049215904
Jamie Gittens,20,78.0,84.0,90.0,75.0,71.0,87.0,22.0,54.0,0,1,0,0,25768451.999999985,25401812.0,0.031325933,-0.17740497,-0.075332955,0.045945782,0.008087261,-0.03610282,0.04160033,0.04457224,-0.05892078,0.00093240634,0.003149284,0.00049253664,0.001334424
Ferdi Kadıoğlu,25,79.0,81.0,84.0,65.0,78.0,79.0,77.0,58.0,0,0,1,0,22087243.999999985,21219556.0,-0.032478202,-0.16553187,-0.10581007,-0.009449983,0.00941165,-0.008908108,0.0011590873,-0.008686409,-0.029433135,0.0004503238,-0.001531687,-0.00067821535,0.0012645106
Raphael Onyedika,24,78.0,85.0,73.0,60.0,79.0,70.0,76.0,83.0,0,0,1,0,16933553.99999999,21461700.0,-0.02771332,-0.19362372,-0.045240168,-0.0008971324,-0.030223642,-0.015218371,-0.06330712,-0.0074787866,0.04828388,0.00036285009,-0.0028207244,-0.0042035193,0.003211838
Francisco F. da Conceição,22,79.0,86.0,87.0,74.0,78.0,85.0,42.0,40.0,0,0,0,0,22087243.999999985,22980996.0,0.028349275,-0.1697104,-0.038237505,-0.036060706,-0.009263616,-0.006847172,0.02857422,0.034653742,-0.103024386,0.0009395752,-0.0016715941,0.0005827685,0.0012493453
Joško Gvardiol,23,85.0,88.0,79.0,68.0,82.0,79.0,85.0,82.0,0,0,1,0,51536904.0,56368856.0,0.048015334,0.36750403,0.15882696,0.0021132107,-0.0063916533,0.0036660384,0.009019367,-0.0030522505,0.05821483,0.0056354376,-0.0010321931,-0.016090278,0.00034437352
Joelinton Apolinário de Lira,28,81.0,81.0,78.0,75.0,81.0,83.0,84.0,90.0,1,0,0,1,22087243.999999985,23903016.0,-0.11253032,-0.08955641,-0.10788691,-0.006019656,0.0011974422,0.0016583133,0.06221909,-0.026181605,0.060372423,-0.006907914,-0.0030433084,0.0003695643,-0.0048258207
Denis Zakaria,28,81.0,81.0,86.0,64.0,82.0,78.0,82.0,87.0,1,0,1,0,18406037.000000015,22826872.0,-0.107049584,-0.07825927,-0.111228324,-0.009733813,0.011751508,-0.007413676,-0.012160587,-0.013707302,0.061630286,-0.006491502,-0.0025164566,-0.0026760546,0.00065770344
Rafael da Conceição Leão,26,84.0,85.0,93.0,82.0,83.0,87.0,24.0,79.0,0,0,0,0,47855696.0,40027044.0,0.015886921,0.21029158,-0.089373514,0.021905083,0.016029174,-0.011594163,0.085856676,-0.0009972514,0.033718314,0.0016855573,-0.0009769815,0.0012721852,0.000707225
Jurriën Timber,24,84.0,87.0,76.0,41.0,81.0,77.0,85.0,82.0,0,0,1,0,51536904.0,49983210.0,0.025526287,0.28324124,0.093252376,0.011555514,-0.016522601,0.023921603,0.0005393583,0.012354566,0.07639903,0.0031616227,-0.0018909072,-0.0064196154,0.0014214105
Rasmus Højlund,22,77.0,83.0,86.0,79.0,72.0,75.0,28.0,82.0,0,0,0,0,36812074.00000004,28925412.0,0.038432103,-0.18466586,-0.0692276,-0.012124843,0.02862033,-0.01479451,-0.034655668,0.123257585,0.08133802,0.0007472072,-0.0010436858,0.0009017887,0.0027968634
Federico Dimarco,27,86.0,86.0,79.0,74.0,85.0,78.0,81.0,72.0,0,0,1,0,36812074.00000004,38230880.0,-0.09234463,0.35141262,-0.041755524,0.0057503944,0.0084211975,0.033904355,-0.013999038,0.0038775634,-0.010252597,0.0034046087,-0.0013455658,-0.009377309,0.00080291135
Raúl Asencio del Rosario,22,78.0,84.0,86.0,35.0,79.0,71.0,78.0,78.0,0,0,1,0,18406037.000000015,19990204.0,0.015158851,-0.18329714,-0.09915128,-0.03570658,-0.021114383,-0.012289128,-0.054286502,-0.021018146,0.005255021,0.00036285009,-0.0018101371,-0.004035273,0.0020250056
Senny Mayulu,19,77.0,86.0,74.0,74.0,80.0,78.0,68.0,52.0,0,1,0,0,29449658.99999995,27905032.0,0.11339966,-0.20039178,-0.005774801,0.022557909,0.008582405,0.036817767,-0.0038208493,-0.036293488,-0.024291964,0.0008283515,0.0093312375,0.0006071928,0.0021077944
Scott McTominay,28,86.0,86.0,80.0,84.0,85.0,86.0,81.0,82.0,1,0,0,1,33130866.00000001,34125010.0,-0.17994897,0.22459209,-0.04728804,-0.0038358201,0.0109596895,0.0342653,0.0571019,-0.0050011026,0.057363328,-0.020714654,-0.0010321931,0.0010747077,-0.0026515285
Rodrygo Silva de Goes,24,84.0,87.0,87.0,78.0,79.0,88.0,39.0,59.0,0,0,0,0,36812074.00000004,37700744.0,0.0049314005,0.25543544,0.036660448,-0.026669651,-0.016209966,-0.013252298,0.024989152,0.0036794918,-0.049941994,0.002538374,-0.0010419195,0.0012335625,0.0021837763
Victor Froholdt,19,78.0,88.0,77.0,69.0,80.0,77.0,78.0,67.0,0,1,0,1,22087243.999999985,28754832.0,0.08650077,-0.21746369,0.10831713,-0.005486535,-0.02010164,0.024162246,-0.006619926,0.0062026978,-0.021047847,0.0013460427,0.008349784,0.00105953,-0.01155565
Yankuba Minteh,20,80.0,86.0,94.0,75.0,74.0,85.0,60.0,47.0,0,1,0,0,29449658.99999995,27665964.0,0.057198808,-0.085677184,-0.022791103,0.008484784,0.013335891,-0.0024553912,0.032137625,-0.041113902,-0.050594267,0.0010477093,0.0028283289,0.0012546327,0.0013973507
Nikola Krstović,25,76.0,79.0,67.0,80.0,69.0,70.0,18.0,81.0,0,0,0,0,18406037.000000015,19443544.0,-0.043874335,-0.20385146,-0.07911811,0.0039742105,-0.01345159,-0.03864762,-0.056980804,-0.0075525236,-0.0012889248,0.0007472072,-0.0023955521,0.000711751,0.0041016163
Matias Fernandez-Pardo,20,76.0,84.0,93.0,71.0,73.0,79.0,36.0,73.0,0,1,0,0,22087243.999999985,23103392.0,0.02858369,-0.22540261,-0.07244341,-0.03371336,-0.0082511045,-0.0005881493,-0.009733369,0.040464137,0.009784219,0.00057943835,0.0035750698,0.00087900023,0.0011171937
Tijjani Reijnders,26,85.0,86.0,75.0,78.0,87.0,84.0,77.0,69.0,0,0,0,1,44174489.00000005,46627964.0,0.023153575,0.34775177,-0.06608513,0.012199124,-0.01307587,0.06993967,0.049184807,0.00948739,0.0069920346,0.0035349035,-0.0015621462,0.003022805,-0.0074903895
Amine Gouiri,25,79.0,82.0,75.0,85.0,78.0,81.0,41.0,71.0,0,0,0,0,20614760.99999998,23108372.0,-0.029722001,-0.18775576,-0.10164446,0.0016525689,0.015712688,-0.009005871,-0.012653826,0.05261442,0.004920325,0.0006871393,-0.0025959064,0.00075227546,0.0020926464
Nikola Milenković,27,81.0,82.0,53.0,38.0,73.0,60.0,83.0,90.0,0,0,1,0,22087243.999999985,22611896.0,-0.12070029,-0.029061493,-0.13119622,-0.049063087,0.009313226,0.003066602,-0.010283639,-0.025549887,0.06731163,0.00082106516,-0.0023216482,-0.0017722208,0.0027699661
Bruno Miguel Borges Fernandes,30,88.0,88.0,66.0,82.0,92.0,81.0,71.0,61.0,1,0,0,1,29449658.99999995,30624424.0,-0.23210523,0.23131098,0.13144688,-0.0073768497,0.012630636,0.014356318,0.009777168,-0.028221698,-0.054737,-0.055374943,-0.002069306,0.002850665,-0.005828481
Erison Danilo de Souza,23,70.0,76.0,61.0,72.0,62.0,67.0,19.0,80.0,0,0,0,0,17669795.000000004,19624880.0,-0.033938106,-0.17332162,-0.06689765,-0.04702787,-0.0040253606,-0.03620242,-0.05138525,-0.016301958,0.0021892283,-0.00073023903,-0.00215781,-0.0009849881,0.00243682
Willian Pacho,23,87.0,90.0,85.0,30.0,78.0,52.0,90.0,89.0,0,0,1,0,51536904.0,57352064.0,0.0455469,0.44187883,0.29502505,-0.017464465,-0.07365164,0.0041832346,-0.03755142,-0.010679304,0.050120495,0.0065253763,-0.00048737146,-0.061236527,0.0018569038
Harry Wilson,28,79.0,79.0,76.0,78.0,78.0,80.0,45.0,53.0,1,0,0,0,18406037.000000015,20775108.0,-0.047536813,-0.14770803,-0.096393056,-0.003726736,-0.005977837,-0.010397681,-0.006609466,0.011057088,-0.0627627,-0.0007363396,-0.0024250492,-0.00039189355,0.0022247978
Alberto Moleiro González,21,81.0,87.0,85.0,77.0,81.0,85.0,55.0,65.0,0,1,0,0,29449658.99999995,31538628.0,0.0725134,-0.006548559,0.052360963,-0.034554157,0.010633007,0.024801278,0.018473698,-0.056815166,-0.043615926,0.0015149347,0.0035459823,0.0017211625,0.0020362218
Tomás Lemos Araújo,23,78.0,86.0,83.0,25.0,78.0,72.0,80.0,82.0,0,0,1,0,20614760.99999998,22319620.0,-0.008901401,-0.2035338,-0.004135025,-0.013046552,-0.04950717,-0.0022007755,-0.042760033,-0.019153917,0.04709535,0.00043008692,-0.0015455491,-0.004118264,0.0016942045
Omari Hutchinson,21,76.0,84.0,79.0,73.0,71.0,79.0,57.0,51.0,0,1,0,0,22087243.999999985,20601208.0,0.03184313,-0.22940263,-0.073846504,-0.0029580684,0.00031723897,-0.038831413,-0.0008175188,-0.045345083,-0.026613409,0.00030759623,0.003149284,0.00018395341,0.0022215587
Thierno Barry,22,76.0,84.0,82.0,76.0,76.0,75.0,18.0,79.0,0,0,0,0,22087243.999999985,22482404.0,0.02477668,-0.21035953,-0.08141841,-0.014612443,0.009124428,0.0063237622,-0.049498178,0.019432044,0.000563024,0.0007472072,-0.0015654416,0.00092438154,0.0031575828
Rúben Diogo da Silva Neves,28,85.0,85.0,57.0,66.0,88.0,74.0,79.0,74.0,1,0,0,1,18406037.000000015,20038684.0,-0.23028271,0.07972757,-0.09051509,-0.06402947,-0.016096257,0.04192612,-0.08629086,-0.004676738,-0.0043264786,-0.015052624,-0.0025099325,-0.001491846,-0.013862965
Rayan El Bahri,19,55.0,69.0,65.0,60.0,49.0,59.0,28.0,48.0,0,1,0,0,29449658.99999995,28621212.0,0.0955933,-0.1713524,0.04891633,-0.011146967,-0.013391782,-0.020224595,-0.0010258874,0.06418482,-0.047199473,-0.0006696432,0.0027524093,-0.0010301993,0.0036026665
Noni Madueke,23,80.0,84.0,88.0,75.0,76.0,85.0,45.0,67.0,0,0,0,0,36812074.00000004,32658840.0,0.011491783,-0.07717641,-0.06377147,0.035544988,0.010617627,-0.0013309353,0.093367696,0.05743081,0.012347098,0.0012314218,-0.0014491299,0.0015825208,0.0010796724
Nathaniel Brown,22,79.0,85.0,79.0,57.0,79.0,80.0,76.0,41.0,0,0,1,0,25768451.999999985,24273184.0,0.036414824,-0.15024543,-0.04278869,-0.0049283262,-0.016118228,-0.011409666,0.0037756094,4.6100526e-05,-0.029329402,0.0004503238,-0.001460044,-0.0023813024,0.0021986933
Igor Thiago Rodrigues,24,81.0,85.0,75.0,85.0,76.0,75.0,43.0,87.0,0,0,0,0,36812074.00000004,34382420.0,-0.0061393036,-0.0052293716,-0.059002925,0.01628912,0.045093484,0.008633144,-0.04939204,0.09434277,0.08378135,0.0011981616,-0.0015304731,0.0009295677,0.0034216668
Dušan Vlahović,25,81.0,84.0,78.0,82.0,75.0,78.0,26.0,87.0,0,0,0,0,25768451.999999985,26762808.0,-0.038726244,-0.025082547,-0.10058776,-0.008759361,-0.008897403,0.005482991,-0.03026079,0.018515,0.068035245,0.001226548,-0.0015572316,0.0008980426,0.001587752
Kevin Torres,22,62.0,71.0,76.0,55.0,64.0,59.0,35.0,62.0,0,0,0,0,22087243.999999985,23935776.0,0.027295316,-0.19015557,0.0029015923,0.0073929997,-0.012297263,-0.031897012,-0.012969792,0.03190034,-0.049796198,-0.00076586637,-0.0017623713,-0.0024287745,0.0028208687
Kenan Yıldız,20,81.0,89.0,84.0,79.0,77.0,86.0,36.0,67.0,0,1,0,0,55218110.99999999,52540450.0,0.08933791,0.011441017,0.35374427,-0.026809448,0.014645747,0.003728553,0.059202544,0.049287036,-0.011894436,0.002336561,0.00277156,0.0055216085,0.003125392
Maxence Lacroix,25,81.0,83.0,93.0,29.0,71.0,66.0,82.0,84.0,0,0,1,0,29449658.99999995,27444228.0,-0.005485172,-0.0019839054,-0.08438147,0.038734812,-0.053141262,-0.02213753,-0.036633253,-0.0015552166,0.07577155,0.0009613462,-0.001451842,-0.0034166102,0.0017246068
Frenkie de Jong,28,87.0,87.0,83.0,75.0,90.0,86.0,78.0,73.0,1,0,0,1,33130866.00000001,33674856.0,-0.23030464,0.24166785,0.04954422,-0.005900046,0.0059180516,0.031403933,0.04826036,0.008720889,0.007507527,-0.043481942,-0.0013455658,0.0029862109,-0.0033611413
Kevin Palacios,24,64.0,67.0,69.0,66.0,62.0,62.0,29.0,48.0,0,0,0,0,22087243.999999985,23270920.0,-0.047168102,-0.14428075,0.04200487,0.017213348,-0.00015757448,-0.03859611,-0.023755405,0.01609401,-0.07768646,-0.00076586637,-0.0017039282,-0.0015019911,0.0023657167
Gabriel Ardero,29,70.0,70.0,74.0,64.0,69.0,77.0,36.0,53.0,1,0,0,1,55218110.99999999,48918096.0,0.22244057,0.05465979,0.12065887,0.02296572,0.015090735,0.001206544,0.008706528,0.03541599,-0.018679798,0.029053865,-0.0009087497,-0.00024238613,-0.0053641936
Rayan Fofana,19,72.0,82.0,88.0,73.0,62.0,68.0,31.0,64.0,0,1,0,0,29449658.99999995,21392264.0,0.06824164,-0.23748796,-0.05936353,-0.013470085,-0.0046856115,-0.054383468,-0.032360062,0.03554665,-0.047751527,0.00057943835,0.0023120188,-0.001546159,0.002258372
Abdukodir Khusanov,21,80.0,86.0,93.0,34.0,72.0,62.0,81.0,82.0,0,1,1,0,25768451.999999985,27256636.0,0.026737528,-0.06785821,-0.0007334813,0.0064848894,-0.03558641,-0.036812585,-0.034742013,-0.0077408366,0.051811624,0.001028583,0.00023197797,-0.00435872,0.0016840494
Mamadou Sangaré,23,79.0,86.0,78.0,61.0,82.0,79.0,81.0,64.0,0,0,0,1,22087243.999999985,21998452.0,-0.022393528,-0.18691447,-0.012684508,-0.0029596796,-0.020199046,0.0042808997,0.004214402,-0.0024265272,-0.06764702,0.0009453872,-0.0037065642,0.00053750555,-0.005218176
Hugo Ekitiké,23,85.0,88.0,87.0,86.0,82.0,87.0,35.0,70.0,0,0,0,0,66261732.99999991,53456268.0,0.043408643,0.34049472,0.12774909,-0.03583855,0.04727735,-0.0010635032,0.05476201,-0.0052219694,-0.008394131,0.0050562234,-0.0010855685,0.0056516873,0.00092697295
Christian Kofane,18,76.0,86.0,79.0,76.0,69.0,74.0,28.0,69.0,0,1,0,0,29449658.99999995,26784360.0,0.08812763,-0.21711053,-0.010691471,0.003893831,0.022473363,-0.065871164,-0.030350866,0.0930239,-0.008265864,0.00081444404,0.0013984055,0.0009208483,0.004315175
Malik Tillman,23,80.0,85.0,84.0,74.0,77.0,82.0,67.0,82.0,0,0,0,0,22087243.999999985,25585324.0,0.004477985,-0.09291987,-0.055288367,-0.02982925,-0.010236606,-0.005509348,0.022079589,-0.06293409,0.06453547,0.0009472123,-0.0010112025,0.0016432994,0.00091728655
Kevin González,24,62.0,69.0,70.0,61.0,67.0,48.0,64.0,48.0,0,0,0,1,22087243.999999985,22117980.0,-0.03933841,-0.18510738,0.060489837,0.01645724,-0.00789379,-0.027476192,-0.016103093,-0.031528637,-0.0663765,-0.0010276223,-0.0013900101,-0.000535804,-0.008925202
Donyell Malen,26,79.0,79.0,84.0,79.0,77.0,83.0,33.0,66.0,0,0,0,0,25768451.999999985,24473176.0,-0.019562138,-0.17144373,-0.087186754,-0.009984947,0.01266558,-0.008048017,0.06419804,0.045697525,-0.035505936,0.0008723385,-0.001630425,0.00042508123,0.001946747
Renato Palma Veiga,21,78.0,83.0,83.0,50.0,78.0,72.0,77.0,82.0,0,1,1,0,18406037.000000015,20442292.0,0.019305624,-0.19567326,-0.096721105,-0.03545295,-0.023569074,-0.0057359375,-0.050431356,-0.03025803,0.029538266,0.00036285009,0.0031584515,-0.004035273,0.0019720683
Declan Rice,26,88.0,89.0,73.0,64.0,87.0,82.0,86.0,79.0,0,0,0,1,88348977.99999991,81551816.0,0.044077583,0.48286068,0.3115229,0.014021301,-0.0017125611,0.07464683,0.032084942,-0.011751852,0.03268406,0.007506559,-0.0016526808,0.01668823,-0.0048777615
Javier Guerra,21,60.0,71.0,71.0,27.0,55.0,54.0,59.0,52.0,0,1,1,0,18406037.000000015,19704660.0,0.02462307,-0.20668048,-0.0133716315,0.010157128,-0.1034992,-0.029552206,-0.030946514,-0.042300075,-0.034311593,-0.0010430503,0.0028568017,-0.002318512,0.002093842
Matthijs de Ligt,25,82.0,84.0,68.0,50.0,77.0,65.0,81.0,91.0,0,0,1,0,29449658.99999995,27788448.0,-0.019458586,-0.00091133517,-0.09932296,0.02103768,-0.0060191187,-0.002023603,-0.030515842,-0.018724708,0.0767268,0.0009613462,-0.0023216482,-0.0027248026,0.0027754002
Milos Kerkez,21,81.0,85.0,87.0,53.0,77.0,77.0,78.0,75.0,0,1,1,0,29449658.99999995,28694072.0,0.061261144,0.0022930873,-0.058168225,-0.03415251,-0.01308344,-0.0042957584,-0.007192002,-0.008913681,0.013007197,0.0009613462,0.0043346235,-0.0059200884,0.0014137643
Jhon Durán,21,79.0,85.0,85.0,82.0,69.0,76.0,33.0,83.0,0,1,0,0,18406037.000000015,21196416.0,0.019992579,-0.1837555,-0.06414101,-0.046268065,-0.014675308,-0.07764889,-0.05298691,0.018664537,0.044935454,0.0006871393,0.0007982402,0.00091718603,0.0021703125
Lewis Hall,20,81.0,86.0,76.0,60.0,80.0,81.0,81.0,56.0,0,1,1,0,25768451.999999985,30091040.0,0.09312962,-0.012098801,-0.017983058,0.003946721,-0.035652477,0.028504478,0.012912047,-0.009589164,-0.069989495,0.0014409814,0.007956332,-0.005491759,0.0019973556
Hugo Larsson,21,77.0,85.0,81.0,75.0,81.0,75.0,70.0,74.0,0,1,0,1,23559726.99999998,21643108.0,0.022758935,-0.20503275,-0.04277357,-0.020876242,-0.0011703579,0.023550538,-0.063087806,-0.046002977,0.0045122877,0.00076111464,0.0061285724,0.00095419184,-0.010176292
Rodrigo Mora de Carvalho,18,77.0,89.0,74.0,70.0,78.0,78.0,44.0,32.0,0,1,0,0,27977176.000000015,34296356.0,0.094435684,-0.24403858,0.30241206,0.016240988,-0.027595554,-0.0027050264,-0.009883377,0.03709788,-0.052043036,0.00117679,0.00650331,0.0050160475,0.0032789744
Pape Gueye,26,80.0,81.0,73.0,65.0,81.0,78.0,80.0,82.0,0,0,0,1,29449658.99999995,25320788.0,-0.023268951,-0.09073869,-0.11866026,-0.001298293,0.016354224,0.008035046,-0.00953235,-0.021762177,0.07388665,0.0013891727,-0.003675306,0.00081401964,-0.005064945
Joaquín Panichelli,22,77.0,85.0,73.0,80.0,68.0,71.0,16.0,86.0,0,0,0,0,25768451.999999985,25239588.0,0.0393678,-0.18920286,-0.043829057,0.0065115383,0.008261872,-0.052350685,-0.0371832,0.015612319,0.071441665,0.0007472072,-0.0016453677,0.00094532385,0.0046013007
Jacobo Ramón Naveros,20,71.0,81.0,60.0,35.0,70.0,52.0,74.0,69.0,0,1,1,0,18406037.000000015,19059256.0,0.029404333,-0.22308908,-0.07904411,-0.036902163,-0.023922743,-0.037986968,-0.023658607,-0.042843,-0.025080398,0.00023600907,0.005100897,-0.0027481408,0.0029394678
Marc Cucurella Saseta,26,85.0,86.0,77.0,61.0,82.0,78.0,85.0,70.0,0,0,1,0,36812074.00000004,39041916.0,0.020419046,0.348976,-0.044861365,0.00044020332,-0.03020379,-0.0032166978,-0.014331017,-0.005496756,-0.0030921628,0.0030493743,-0.0019901502,-0.011330689,0.0011320061
Habib Diarra,21,77.0,83.0,67.0,66.0,78.0,78.0,76.0,69.0,0,1,0,1,23559726.99999998,22456692.0,0.030726675,-0.20535436,-0.08856959,0.012086405,0.0051095025,-0.012115341,-0.014842337,-0.0046561947,-0.016589236,0.00037827814,0.007823752,0.0008653937,-0.008422164
Luka Vušković,18,78.0,88.0,64.0,61.0,78.0,64.0,80.0,85.0,0,1,1,0,44174489.00000005,27400032.0,0.08790931,-0.22914371,0.11483237,-0.030767478,-0.028181516,0.0034052362,-0.03906477,-0.0108915055,0.02975383,0.0008469091,0.0066506593,-0.00369342,0.0037477403
Yann Aurel Bisseck,24,76.0,80.0,76.0,54.0,73.0,73.0,76.0,83.0,0,0,1,0,29449658.99999995,23435908.0,-0.011043502,-0.19503212,-0.08282287,0.010046027,-0.0026216705,0.007572575,-0.04292059,-0.009077997,0.07724366,0.00036285009,-0.0023852077,-0.00340758,0.003211838
Honest Ahanor,17,72.0,81.0,70.0,42.0,69.0,62.0,76.0,60.0,0,1,1,0,18406037.000000015,22331756.0,0.08346213,-0.2199859,-0.0671383,0.029473664,0.0062462143,-0.038228832,-0.019479657,-0.014442872,-0.06859287,0.00036285009,0.005100897,0.000102302016,0.0039888956
Pablo Barrios Rivas,22,83.0,88.0,82.0,70.0,86.0,83.0,80.0,73.0,0,0,0,1,44174489.00000005,45335220.0,0.08081672,0.09217216,0.1801077,-0.012942283,-0.004978025,0.047229506,0.03030956,-0.003153565,0.002281276,0.0027634543,-0.00286883,0.001396558,-0.004189989
Bryan Mbeumo,25,85.0,86.0,90.0,87.0,80.0,84.0,41.0,73.0,0,0,0,0,58899318.000000075,58014830.0,0.03703401,0.3319485,-0.07245791,0.08970188,0.07846395,0.030687742,0.06908948,0.049486294,0.03458942,0.0030924934,-0.0010855685,0.0035094188,0.001488738
Aleksandar Pavlović,21,81.0,87.0,59.0,66.0,87.0,78.0,76.0,76.0,0,1,0,1,55218110.99999999,48010012.0,0.09482165,0.032859974,0.12779869,-0.004053547,0.011124819,0.14410906,0.011137928,0.023309574,0.01918584,0.0014753368,0.009640496,0.0016707893,-0.006823237
Julián Alvarez,25,86.0,89.0,85.0,86.0,83.0,87.0,59.0,72.0,0,0,0,0,66261732.99999991,66090184.0,0.031998362,0.4155209,0.29514703,-0.03545338,0.045829903,-0.0023984027,0.06380987,-0.036034275,-0.008249594,0.0059508057,-0.0010692327,0.010250957,0.0005772653
Kees Smit,19,74.0,88.0,58.0,60.0,77.0,80.0,65.0,64.0,0,1,0,1,18406037.000000015,19406532.0,0.05915111,-0.32127208,0.062363677,-0.048807774,-0.046595298,-0.017784044,0.0041326554,-0.058261357,-0.06524798,0.00088327524,0.004480935,0.0008059072,-0.013381926
Georginio Rutter,23,77.0,83.0,77.0,76.0,76.0,80.0,67.0,76.0,0,0,0,0,22087243.999999985,20919524.0,-0.007931258,-0.2058259,-0.092158884,-0.007633153,0.011375854,-0.00022345735,-0.013441528,-0.06169054,0.01313601,0.00034871616,-0.0027259842,0.0009279002,0.0013800045
Rico Lewis,20,77.0,84.0,75.0,53.0,79.0,79.0,76.0,47.0,0,1,1,0,23559726.99999998,22678324.0,0.049426973,-0.18777592,-0.089597665,0.016913556,-0.013245829,-0.013943597,-0.003802636,-0.008498867,-0.03967088,0.00036285009,0.0045271064,-0.0007385292,0.0023116283
Phil Foden,25,85.0,88.0,79.0,82.0,82.0,89.0,59.0,41.0,0,0,0,0,58899318.000000075,56587644.0,0.0038247847,0.40537852,0.18411624,0.004992359,0.0204396,0.0036880355,0.047587093,-0.019832332,-0.03086385,0.0054634004,-0.0010826305,0.0047642803,0.002168267
Pedro Antonio Porro Sauceda,25,82.0,85.0,78.0,68.0,80.0,80.0,79.0,68.0,0,0,1,0,29449658.99999995,27807272.0,-0.016599536,-0.0098143015,-0.051367026,-0.0004220775,0.0070766183,0.022783441,-0.009931614,-0.0069047776,-0.00932276,0.0013737447,-0.003475635,-0.004473593,0.0012282889
Harvey Barnes,27,80.0,80.0,85.0,82.0,76.0,82.0,43.0,71.0,0,0,0,0,23559726.99999998,26394768.0,-0.08488286,-0.063734114,-0.089682445,-0.011841621,0.0026213336,-0.0021157155,0.0149263,0.09382214,0.0067706234,0.0011981616,-0.0014491299,0.00058836094,0.0018030107
Achraf Hakimi,26,89.0,90.0,95.0,80.0,86.0,82.0,85.0,72.0,0,0,1,0,58899318.000000075,59627156.0,0.02641846,0.4277933,0.28112918,-0.026961239,0.0023065447,0.038723502,0.022239665,-0.022730585,-0.011598851,0.007208502,-0.0012924747,-0.060481444,0.0002127144
Máximo Perrone,22,75.0,84.0,72.0,54.0,80.0,76.0,69.0,59.0,0,0,1,0,22087243.999999985,21785292.0,0.030468859,-0.20753333,-0.08307252,0.028072229,-0.0133360615,0.013834987,-0.037910953,-0.038319204,-0.015518385,0.0007752486,-0.0040743165,-0.001207652,0.003922636
Pedro Lomba Neto,25,82.0,83.0,90.0,77.0,78.0,83.0,40.0,65.0,0,0,0,0,44174489.00000005,36952584.0,0.001479712,0.019491017,-0.06534717,0.10944629,0.02787245,-0.005893015,0.067886055,0.08513034,-0.037843637,0.0012314218,-0.0014491299,0.0005415948,0.0019351621
Jérémy Doku,23,83.0,86.0,89.0,72.0,79.0,91.0,30.0,76.0,0,0,0,0,47855696.0,42903864.0,0.03473278,0.10183134,-0.039144516,0.037032995,0.00026851575,0.0073371627,0.115662515,0.047395725,0.04625675,0.0012676249,-0.0013751462,0.00159737,0.00094752095
Marcus Thuram,27,85.0,85.0,88.0,85.0,78.0,84.0,48.0,81.0,0,0,0,0,36812074.00000004,37511028.0,-0.11539453,0.2894251,-0.10914326,0.008387752,0.04195349,-0.0050083487,0.06168392,0.006263287,0.03488404,0.0025049665,-0.0006821282,0.002816846,0.0018030107
Eli Junior Kroupi,19,78.0,86.0,80.0,80.0,76.0,80.0,54.0,59.0,0,1,0,0,29449658.99999995,28070356.0,0.13526468,-0.17349856,-0.010015664,-0.017626407,0.01534852,0.0023922883,0.009767317,-0.04658079,0.007629221,0.0004058669,0.0036952163,0.0006071928,0.002187943
Matheus Santos Carneiro da Cunha,26,83.0,85.0,77.0,85.0,81.0,85.0,41.0,73.0,0,0,0,0,51536904.0,44533384.0,0.0060652546,0.10161886,-0.047811687,-0.00055236154,0.06811993,0.042678256,0.10562035,0.06616309,0.047644887,0.0013201884,-0.0024109883,0.00085170416,0.0017783737
Tyler Morton,22,78.0,84.0,65.0,61.0,81.0,77.0,75.0,63.0,0,0,0,1,18406037.000000015,19413268.0,0.029816056,-0.19181493,-0.10699189,-0.041617718,-0.019829376,0.0026542451,-0.004000388,-0.03607038,-0.06112863,0.0006638357,-0.0046440433,0.00022459621,-0.0064419783
Kevin Lopez,23,69.0,72.0,68.0,58.0,75.0,67.0,65.0,58.0,0,0,0,1,22087243.999999985,21931296.0,-0.016770953,-0.13835065,-0.05452936,0.024309007,-0.010904736,-0.007861334,-0.023932792,-0.044963855,-0.028208407,-0.0010276223,-0.0014477312,-0.0023745254,-0.011166214
Christian Pulisic,26,85.0,85.0,86.0,85.0,81.0,85.0,42.0,57.0,0,0,0,0,36812074.00000004,38584932.0,0.005163659,0.31822735,-0.12247053,-0.02682084,0.056068335,0.016963903,0.050285093,0.04577911,-0.10203631,0.0026412793,-0.0010826305,0.0033738732,0.0016208895
Mario Gila Fuentes,24,81.0,84.0,87.0,48.0,78.0,72.0,79.0,75.0,0,0,1,0,22087243.999999985,22823040.0,-0.010138293,-0.025042035,-0.100639485,-0.03877734,-0.025831908,-0.003731668,-0.05667747,-0.025669076,0.012204954,0.0009613462,-0.002014819,-0.0039941324,0.0019711666
Matheus Luiz Nunes,26,81.0,82.0,91.0,69.0,81.0,79.0,78.0,74.0,0,0,1,0,33130866.00000001,29419276.0,-0.0107251275,-0.018985014,-0.108086355,0.08658662,0.00543755,0.0135722775,0.0016039101,-0.013823052,0.025989076,0.0013131489,-0.002940473,-0.004245033,0.0008065017
André Seruca de Oliveira,24,61.0,66.0,54.0,30.0,59.0,54.0,63.0,80.0,0,0,0,1,18406037.000000015,18751996.0,-0.0319081,-0.19482663,0.039086502,-0.06223865,-0.10063076,-0.03427198,-0.04952243,-0.041463174,0.01442047,-0.0010681343,-0.0018247643,2.4813835e-06,-0.009613413
Anton Stach,26,79.0,80.0,71.0,65.0,78.0,76.0,79.0,79.0,0,0,0,1,18406037.000000015,19942864.0,-0.027060337,-0.18192562,-0.10702166,-0.00010409395,0.0055813757,-0.01361169,-0.0682623,-0.016652582,0.015237926,0.00046575186,-0.0031554124,0.000724256,-0.016486535
Konrad Laimer,28,83.0,83.0,82.0,69.0,82.0,74.0,81.0,69.0,1,0,1,0,23559726.99999998,21647196.0,-0.12669596,-0.012757162,-0.097403325,-0.0050514434,-0.0033962117,-0.0026385265,-0.054365385,-0.017986957,-0.0016991628,-0.0061425436,-0.002940473,-0.0015521657,0.0023649435
Rayan Zinebi Talbi,18,59.0,77.0,63.0,61.0,55.0,57.0,12.0,70.0,0,1,0,0,29449658.99999995,28252444.0,0.105852954,-0.14677745,-0.045809735,-0.01802986,0.0043562935,-0.014794666,-0.012236933,0.033737157,0.021598779,-0.0006696432,0.0058549275,-0.0010230701,0.0039837644
Morgan Rogers,22,84.0,86.0,79.0,81.0,84.0,86.0,72.0,79.0,0,0,0,1,58899318.000000075,41543180.0,0.064444944,0.24015006,-0.051734738,0.0036733379,0.012751279,0.03046789,0.05638173,-0.03955607,0.008653306,0.0025507954,-0.0012317125,0.002024096,-0.0069911927
Nathan Collins,24,79.0,82.0,68.0,29.0,70.0,64.0,79.0,83.0,0,0,1,0,22087243.999999985,20839120.0,-0.014683208,-0.16845898,-0.094962515,0.024080291,-0.073555835,-0.029147537,-0.046536982,-0.02361933,0.06143175,0.0004503238,-0.0023711089,-0.0031863465,0.0022391034
Moise Kean,25,83.0,86.0,87.0,88.0,68.0,82.0,36.0,72.0,0,0,0,0,29449658.99999995,29016976.0,-0.013988013,0.080124095,-0.052515987,-0.034266874,0.02515823,-0.058326617,0.0131969135,0.0076310765,-0.007446045,0.0012653985,-0.00070328003,0.00079745485,0.0018030107
Diogo Miguel Costa Rodrigues,25,65.0,68.0,66.0,26.0,61.0,63.0,65.0,60.0,0,0,1,0,29449658.99999995,24094304.0,-0.017026514,-0.10313577,0.12796396,0.006633226,-0.094779275,-0.025652329,-0.01545534,-0.036470927,-0.06277048,-0.0010430503,-0.0019955079,-0.001787968,0.0023468954
Jude Bellingham,22,89.0,93.0,80.0,86.0,89.0,90.0,80.0,80.0,0,0,0,1,103073808.00000015,101473910.0,0.0750374,0.5185346,0.39485115,0.009104131,0.061260607,0.06336191,0.0679886,-0.012935552,0.01693421,0.009586301,-0.0008489871,0.016837299,-0.0050622514
Éder Gabriel Militão,27,84.0,86.0,83.0,48.0,78.0,70.0,85.0,79.0,0,0,1,0,55218110.99999999,29924372.0,-0.12516718,0.20271572,-0.017901177,-0.009280549,-0.03130235,-0.0014939237,-0.053166937,-0.0009642894,0.029608177,0.0024523402,-0.0009425451,-0.003196172,0.0021700652
Antoine Semenyo,25,84.0,85.0,82.0,86.0,80.0,85.0,44.0,79.0,0,0,0,0,55218110.99999999,50156156.0,0.02039354,0.24055378,-0.08033194,0.0003465247,0.059719913,0.038323466,0.10146624,0.076336004,0.049669757,0.0016571711,-0.0009769815,0.0012836143,0.0015500047
Ayyoub Bouaddi,17,78.0,86.0,74.0,55.0,81.0,77.0,77.0,75.0,0,1,0,1,36812074.00000004,31136192.0,0.13146573,-0.17008491,0.008956143,0.022474509,-0.011031199,0.02624288,-0.0031490857,0.0010056024,0.023317289,0.0008579135,0.009974712,-0.00013456789,-0.0066605285
Alex Scott,21,79.0,85.0,70.0,66.0,81.0,80.0,76.0,65.0,0,1,0,1,29449658.99999995,25801144.0,0.04703694,-0.16611928,-0.037268993,0.0049828305,0.0052267537,0.018555045,0.00047261216,0.007724838,-0.04081502,0.00087815034,0.010128608,0.00085110875,-0.006383154
Joshua Kimmich,30,89.0,89.0,70.0,68.0,89.0,82.0,86.0,69.0,1,0,1,0,29449658.99999995,31133936.0,-0.22721899,0.18761516,0.2014582,-0.00875863,-0.020233585,0.009893641,0.01757089,-0.016173232,-0.02501013,-0.0636762,-0.002016215,-0.021276893,0.0009905061
Enzo Fernández,24,85.0,88.0,68.0,76.0,88.0,80.0,75.0,67.0,0,0,0,1,66261732.99999991,61042572.0,0.04149805,0.37878275,0.1551923,0.011709483,0.020836018,0.09391267,0.014385447,-0.0070393747,-0.005293228,0.005758663,-0.002069306,0.0046014604,-0.0058540455
Danilo Santos de Oliveira,23,76.0,80.0,68.0,64.0,77.0,69.0,75.0,60.0,0,0,0,1,17669795.000000004,18544352.0,-0.013660865,-0.20893654,-0.085168794,0.017094212,-0.002461457,-0.011338674,-0.04226163,-0.03593175,-0.082065955,0.00037827814,-0.0032903852,-0.0017110541,-0.015616243
Charalampos Kostoulas,18,73.0,85.0,87.0,74.0,71.0,75.0,41.0,79.0,0,1,0,0,18406037.000000015,20452744.0,0.060249068,-0.24026418,-0.046179738,-0.05538014,-0.015564278,-0.060460422,-0.05964786,0.021924928,0.0036837133,0.00061047217,0.00069819076,0.00092546054,0.0023780412
Désiré Doué,20,85.0,91.0,82.0,78.0,81.0,91.0,60.0,77.0,0,1,0,0,66261732.99999991,66140496.0,0.07424516,0.34646672,0.31114548,-0.008791011,-0.01611863,0.020537142,0.063538864,-0.042644553,0.016726594,0.0059508057,0.0021872253,0.010942765,0.0024547963
Piero Hincapié,23,83.0,87.0,88.0,41.0,78.0,70.0,85.0,77.0,0,0,1,0,36812074.00000004,37159104.0,0.027631706,0.11121268,0.10140728,0.0024507614,-0.020381114,0.00561881,-0.04121688,0.010953204,0.017285923,0.0011103692,-0.0019355688,-0.006310396,0.002223908
Nicolas Jackson,24,79.0,82.0,83.0,81.0,77.0,81.0,40.0,77.0,0,0,0,0,29449658.99999995,24425888.0,-0.012160218,-0.1846046,-0.09162226,-0.013562932,0.0088148685,-0.0021853598,0.007437386,0.05663955,0.020131553,0.0006871393,-0.0016280843,0.00076951896,0.0017871442
Kaishū Sano,24,80.0,83.0,81.0,47.0,77.0,80.0,79.0,66.0,0,0,0,1,18406037.000000015,20551444.0,-0.0166615,-0.09693279,-0.104247645,-0.016384896,-0.043929648,-0.011770595,-0.0045389906,-0.026722157,-0.052586764,0.0009767743,-0.002014819,-0.0006155827,-0.006782165
Orkun Kökçü,24,82.0,86.0,69.0,78.0,84.0,78.0,74.0,75.0,0,0,0,1,18406037.000000015,25950540.0,-0.024822213,-0.0271379,-0.033756144,-0.0062675313,-0.039760187,0.06313405,-0.01704172,-0.04538261,-0.0083491355,0.0014564515,-0.004027679,0.0009295677,-0.007923007
Fabián Ruiz Peña,29,85.0,85.0,61.0,76.0,85.0,82.0,79.0,67.0,1,0,0,1,29449658.99999995,27785164.0,-0.14637545,0.10543202,-0.08113973,-0.036357556,0.033455182,0.03299065,0.036585752,0.004239694,-0.011537295,-0.012403039,-0.002069306,0.0010574643,-0.004517068
Nuno Alexandre Tavares Mendes,23,88.0,91.0,95.0,74.0,82.0,86.0,87.0,73.0,0,0,1,0,55218110.99999999,56433188.0,0.03948672,0.41739124,0.2745904,-0.049501725,-0.017967906,-0.002096219,0.051158864,-0.021900227,-0.0064584306,0.005946387,-0.0012924747,-0.061625022,0.00017959878
Ryan Gravenberch,23,86.0,89.0,76.0,78.0,86.0,88.0,82.0,80.0,0,0,0,1,66261732.99999991,71814960.0,0.048272815,0.40553448,0.29726142,0.01554416,-0.018362632,0.051565133,0.041378506,0.00017997052,0.016494108,0.006279329,-0.0010655677,0.011362932,-0.005500866
Lewis Miley,19,76.0,86.0,67.0,64.0,79.0,75.0,75.0,73.0,0,1,1,0,18406037.000000015,26357088.0,0.10799662,-0.20980838,0.0023270093,0.032891985,0.0027869511,-0.006029638,-0.049526736,-0.035856985,0.013733279,0.00043008692,0.0074607753,-0.004383604,0.004576027
Dávid Hancko,27,83.0,83.0,80.0,64.0,80.0,73.0,84.0,87.0,0,0,1,0,25768451.999999985,24947488.0,-0.12323615,0.05090438,-0.10897369,-0.006425239,-0.0070732357,0.014420649,-0.05631493,-0.01190453,0.061495837,0.0013603047,-0.0025164566,-0.0022897741,0.00218827
Kylian Mbappé,26,91.0,92.0,96.0,94.0,87.0,92.0,34.0,77.0,0,0,0,0,147248297.00000006,135339260.0,0.053412575,0.66130924,0.40913954,0.026214324,0.09470316,0.06253594,0.099150985,0.045721065,0.027069988,0.0076611172,-0.0010407548,0.016092964,0.0006701768
Diego Gómez,22,77.0,84.0,73.0,74.0,79.0,79.0,73.0,75.0,0,0,0,1,18406037.000000015,20337212.0,0.015051101,-0.20812935,-0.093403205,-0.00041152374,-0.0072834073,-0.02122519,-0.010047515,-0.055795986,-0.0013516636,0.00034871616,-0.0032407513,0.0009279002,-0.008126075
Sandro Tonali,25,85.0,87.0,79.0,69.0,86.0,78.0,82.0,82.0,0,0,0,1,58899318.000000075,57042670.0,0.028095642,0.3734527,0.08049792,-0.004303422,0.007804618,0.06256826,0.0042349766,0.017495522,0.06603066,0.004152351,-0.0010321931,0.0046403217,-0.0049829236
Moisés Caicedo,23,88.0,90.0,66.0,59.0,86.0,79.0,87.0,77.0,0,0,0,1,80986563.00000006,79004600.0,0.063879274,0.48996773,0.31804264,0.013793706,-0.027507879,0.05601269,0.014510479,-0.0033661742,0.021346075,0.007506559,-0.0022340487,0.01714437,-0.0047353385
Dean Huijsen,20,81.0,88.0,74.0,44.0,84.0,73.0,82.0,78.0,0,1,1,0,47855696.0,47450228.0,0.10161475,0.043183073,0.20795526,0.029861035,-0.013759188,0.08932031,-0.036581565,0.0096727675,0.01293156,0.0027703,0.00960366,-0.0061775167,0.0041394685
Giovanni Leoni,18,69.0,82.0,54.0,25.0,61.0,45.0,72.0,70.0,0,1,1,0,18406037.000000015,20695768.0,0.07167506,-0.1621906,-0.059918564,-0.04200788,-0.11255591,-0.0317044,-0.011788673,-0.043860316,0.013841746,-0.0010835624,0.005525025,-0.0037726604,0.0026195236
Takefusa Kubo,24,81.0,85.0,84.0,77.0,77.0,85.0,51.0,60.0,0,0,0,0,22087243.999999985,22733152.0,-0.025273094,-0.04729765,-0.063682,-0.02011714,0.011741176,-0.012013811,0.03660399,-0.056380056,-0.10717953,0.00095957983,-0.0013774869,0.0007767785,0.0019192956
Chris Richards,25,79.0,81.0,67.0,23.0,72.0,62.0,81.0,80.0,0,0,1,0,18406037.000000015,18878824.0,-0.022539487,-0.17274758,-0.10314533,-0.001184565,-0.083316796,-0.022341609,-0.053712126,-0.016479045,0.011222718,0.0004503238,-0.0027437138,-0.0031863465,0.0026110841
Jamal Musiala,22,88.0,92.0,75.0,86.0,87.0,94.0,66.0,61.0,0,0,0,0,88348977.99999991,90738824.0,0.08413632,0.49328107,0.38644326,0.010988904,0.06369228,0.07039966,0.05652288,-0.04408048,-0.04357079,0.007827326,-0.0015090551,0.016645795,0.0020601966
Arda Güler,20,82.0,89.0,73.0,76.0,84.0,85.0,57.0,43.0,0,1,0,0,66261732.99999991,61932460.0,0.12444026,0.037897952,0.3927512,0.017018743,0.020222107,0.09594316,0.035025455,-0.006838419,-0.012541616,0.0025067213,0.0061790003,0.005386063,0.002898602
Lennart Karl,17,75.0,88.0,68.0,72.0,74.0,83.0,32.0,34.0,0,1,0,0,44174489.00000005,27593032.0,0.08293765,-0.29441684,0.10173517,0.019879935,-0.0002960228,0.0070295515,0.023773694,0.029117271,-0.068629555,0.0013110051,0.006568653,0.00085117016,0.002565073
Gabriel dos S. Magalhães,27,89.0,90.0,67.0,37.0,79.0,64.0,88.0,89.0,0,0,1,0,55218110.99999999,54561150.0,-0.101142034,0.4239434,0.27826077,0.01056275,-0.010563388,-0.0043068244,-0.030483177,-0.008146175,0.06025965,0.007791147,-0.0012111119,-0.033997927,0.0032135767
Petar Sučić,21,76.0,83.0,71.0,71.0,75.0,80.0,64.0,68.0,0,1,0,1,22087243.999999985,20787868.0,0.021490328,-0.22864252,-0.07589123,0.0014863713,0.003827826,-0.005819633,-0.007890453,-0.061080817,-0.018644074,0.00031768234,0.0075250054,0.00087900023,-0.008331644
Sam Beukema,26,77.0,80.0,54.0,50.0,73.0,59.0,78.0,74.0,0,0,1,0,18406037.000000015,21106172.0,-0.017486079,-0.17719522,-0.098604254,-0.048291683,-0.011139616,0.0012763038,-0.009671912,-0.017016578,0.024978394,0.00023600907,-0.0032903852,-0.002328277,0.002954633
Lamine Camara,21,79.0,85.0,76.0,65.0,83.0,78.0,76.0,66.0,0,1,0,1,25768451.999999985,25721740.0,0.045676775,-0.1619568,-0.04193643,0.0034828917,0.009511184,0.011946261,-0.0059545464,0.0077540246,-0.030151978,0.00087815034,0.008494634,0.00085110875,-0.0064042755
Charles De Ketelaere,24,82.0,86.0,71.0,78.0,83.0,86.0,59.0,69.0,0,0,0,0,25768451.999999985,27636116.0,-0.016398937,-0.024454737,-0.04432623,-0.005318402,-0.017733835,0.01068257,0.061550695,-0.05399437,0.0026435638,0.0014601077,-0.0029181482,0.0009123242,0.0018700825
Jarrad Branthwaite,23,79.0,85.0,75.0,35.0,78.0,57.0,81.0,82.0,0,0,1,0,33130866.00000001,26942684.0,-0.0057254713,-0.16217527,-0.03580663,0.02060271,0.001997335,0.0022806113,0.013330645,-0.009542445,0.065979764,0.0004503238,-0.0023135648,-0.0029945034,0.0024828103
Marco Palestra,20,74.0,84.0,88.0,62.0,71.0,78.0,67.0,70.0,0,1,1,0,22087243.999999985,21172940.0,0.023652889,-0.21528515,-0.057664577,0.0015413075,0.0075903945,-0.042191952,-0.015849002,-0.05365048,-0.0011037226,0.00036285009,0.0027055172,-0.003945122,0.0014137643
Victor Osimhen,26,87.0,88.0,92.0,88.0,72.0,80.0,49.0,91.0,0,0,0,0,55218110.99999999,73507070.0,0.03454369,0.51595503,0.13270025,0.06051793,0.07424457,-0.039727937,0.008941726,0.023637312,0.06378328,0.0054916167,6.452683e-05,0.0108098425,0.0012738771
Maxime Estève,23,76.0,82.0,77.0,35.0,69.0,63.0,77.0,85.0,0,0,1,0,18406037.000000015,20888784.0,-0.0115576135,-0.20432383,-0.083676614,0.0058365203,-0.008871636,-0.038636178,-0.03822981,-0.025768422,0.040923752,0.00036285009,-0.0021264972,-0.0023499434,0.0024828103
Lesley Ugochukwu,21,76.0,82.0,65.0,61.0,75.0,74.0,76.0,79.0,0,1,0,1,18406037.000000015,19496912.0,0.02523384,-0.21168765,-0.10365038,-0.044735886,-0.01687222,-0.0009295335,-0.06951522,-0.00923095,0.0046421643,0.00025143713,0.007267728,0.00085098075,-0.016516138
Christos Mouzakitis,18,73.0,86.0,68.0,59.0,77.0,72.0,62.0,63.0,0,1,0,1,18406037.000000015,20978580.0,0.09808455,-0.26362428,-0.013013626,0.030078052,-0.02491441,-0.009460611,-0.042630848,-0.05665601,-0.065630935,0.00044551498,0.0044941013,-0.00040543423,-0.018399507
Nico Schlotterbeck,25,86.0,88.0,72.0,51.0,81.0,74.0,88.0,87.0,0,0,1,0,40493280.999999955,48097636.0,0.014925198,0.3848024,0.1323617,0.008379535,-0.05422374,-0.0031550406,-0.047150325,-0.00840172,0.047633745,0.0056354376,-0.0018358869,-0.0142935775,0.0034074227
Oscar Bobb,21,76.0,84.0,79.0,67.0,76.0,82.0,34.0,34.0,0,1,0,0,22087243.999999985,22747984.0,0.038985185,-0.21362805,-0.07817667,-0.009771298,-0.0023305013,0.0015008245,0.022698957,0.031675175,-0.07840086,0.00064003415,0.0039042968,0.00019293974,0.0020558457
Kevin Santos,22,76.0,81.0,81.0,69.0,70.0,85.0,34.0,56.0,0,0,0,0,22087243.999999985,22338188.0,0.026270911,-0.2179868,-0.055508412,-0.012816841,-0.009723223,-0.03683884,0.043546718,0.037630603,-0.07413851,0.0007646375,-0.0014845264,0.00013869043,0.001310612
Ollie Watkins,29,82.0,82.0,77.0,84.0,77.0,78.0,46.0,76.0,1,0,0,0,22087243.999999985,22877300.0,-0.063512936,-0.10095416,-0.10073811,-0.009779509,0.0049093687,-0.0044146646,-0.029703522,0.023196977,0.011055453,-0.00531457,-0.0020984788,0.0003826609,0.0019786688
Wesley Vinícius França Lima,21,78.0,85.0,88.0,62.0,77.0,80.0,76.0,74.0,0,1,1,0,29449658.99999995,26912280.0,0.034263395,-0.1658198,-0.033455193,0.010005109,0.012541419,-0.00062419585,0.0048800847,0.005172685,0.01960556,0.00036285009,0.003759487,-0.004514734,0.0012600415
Bukayo Saka,23,87.0,89.0,81.0,82.0,85.0,86.0,62.0,74.0,0,0,0,0,88348977.99999991,78817220.0,0.06156971,0.48725462,0.3106036,0.00032664245,0.02005553,0.031261973,0.0703678,-0.046734475,0.0037226896,0.006884295,-0.0013325216,0.01763481,0.0003771515
Morgan Gibbs-White,25,81.0,83.0,75.0,77.0,84.0,83.0,60.0,68.0,0,0,0,1,44174489.00000005,32813628.0,-0.0052844756,-0.018884579,-0.069584124,0.0076787584,0.027769946,0.10451649,0.063190915,-0.030641263,0.015115148,0.0014224749,-0.0024826315,0.00086878904,-0.007991707
Conor Bradley,21,79.0,84.0,82.0,62.0,75.0,75.0,78.0,65.0,0,1,1,0,22087243.999999985,21038528.0,0.034087993,-0.16606684,-0.10562543,-0.025644504,0.0025265832,-0.0024186596,-0.049445145,-0.017734386,-0.03302346,0.0004503238,0.0039685676,-0.0025684047,0.0027104998
António João Tavares Silva,21,77.0,85.0,79.0,31.0,76.0,69.0,79.0,83.0,0,1,1,0,20614760.99999998,21553016.0,0.013029005,-0.2033149,-0.03659575,-0.01574297,-0.08858573,0.003337469,-0.040634234,-0.022341006,0.05418202,0.00036285009,0.0029493705,-0.003785434,0.0025062382
Anthony Elanga,23,79.0,82.0,91.0,72.0,74.0,81.0,38.0,72.0,0,0,0,0,29449658.99999995,27581716.0,-0.0028984388,-0.17057276,-0.090920866,0.09341636,-0.0026687323,0.0045075538,0.0071359226,0.06229266,0.010833415,0.0006561055,-0.001630425,0.0009106567,0.00094752095
Kevin Lomónaco,23,74.0,80.0,72.0,47.0,73.0,68.0,74.0,74.0,0,0,1,0,22087243.999999985,21833256.0,-0.008207544,-0.19764507,-0.07931508,0.023306461,-0.007665781,0.0033310382,-0.029486531,-0.040061593,0.015708342,0.00036285009,-0.0022693211,-0.0025244136,0.0027617905
Strahinja Pavlović,24,77.0,83.0,78.0,43.0,68.0,70.0,74.0,83.0,0,0,1,0,25768451.999999985,23421296.0,-0.01157525,-0.17978409,-0.07001018,0.013181975,0.023361845,-0.026943259,-0.03797826,-0.042101134,0.082038835,0.00036285009,-0.0017678208,-0.0034980846,0.003211838
Chemsdine Talbi,20,76.0,86.0,88.0,69.0,70.0,80.0,37.0,55.0,0,1,0,0,18406037.000000015,20919284.0,0.035889283,-0.24747314,-0.038006548,-0.012107921,-0.0068482663,-0.073378555,0.0023067675,0.022920487,-0.051840425,0.0006466752,0.001727633,0.00045159974,0.0012493453
Estêvão Willian Almeida,18,79.0,89.0,89.0,74.0,75.0,84.0,34.0,49.0,0,1,0,0,58899318.000000075,51605268.0,0.09679782,-0.12448128,0.41167188,0.035652094,0.008360721,0.019224849,0.04490654,0.058748305,-0.025560133,0.0023231255,0.0036298733,0.0050160475,0.0021937445
Daniel Muñoz,29,82.0,82.0,79.0,72.0,79.0,76.0,82.0,74.0,1,0,1,0,19878519.99999999,20729704.0,-0.051635485,-0.10796808,-0.108366854,-0.0069774417,-0.0038133652,-0.011092426,-0.060811214,-0.018244728,-0.0028009042,-8.9172536e-05,-0.0015868151,-0.0027146703,0.0025349432
Ezri Konsa,27,84.0,85.0,78.0,55.0,80.0,74.0,87.0,80.0,0,0,1,0,29449658.99999995,28671860.0,-0.12469094,0.1782103,-0.087206736,0.017142754,-0.029405052,0.022201147,-0.06362085,0.005565764,0.032217234,0.0022035593,-0.001918471,-0.003196172,0.003269546
Kevin Ortiz,24,70.0,71.0,70.0,65.0,69.0,72.0,70.0,69.0,0,0,0,1,22087243.999999985,24443552.0,-0.017283235,-0.12852772,0.056424037,0.010943913,0.0031338085,-0.03103667,-0.04669999,-0.040443137,0.0008889954,-0.0010276223,-0.0016161615,0.00066998036,-0.014211603
André Luiz Inácio da Silva,23,71.0,77.0,89.0,65.0,63.0,78.0,13.0,65.0,0,0,0,0,18406037.000000015,19570828.0,-0.018879956,-0.23349991,-0.058829337,0.00961682,-0.0064822487,-0.060600717,-0.015276182,-0.0074905544,-0.04084577,0.0007767692,-0.0012472656,0.00049593806,0.0011637757
Leon Avdullahu,21,76.0,83.0,57.0,54.0,81.0,73.0,69.0,68.0,0,1,1,0,18406037.000000015,19089708.0,0.02075261,-0.21428874,-0.08169345,-0.04707111,-0.01992369,0.0014494802,-0.055132736,-0.048269928,-0.022848131,0.0006484076,0.010183792,-0.0037187948,0.003917202
Fermín López Marín,22,83.0,87.0,76.0,81.0,81.0,82.0,74.0,59.0,0,0,0,0,73624147.9999999,53122176.0,0.12660253,0.15247631,0.1284125,0.011222438,0.06167262,0.040838335,0.030660238,-0.0052433074,0.018000467,0.0015025672,-0.0034906508,0.0015828169,0.0032061078
Maghnes Akliouche,23,80.0,86.0,74.0,74.0,80.0,84.0,52.0,58.0,0,0,0,0,36812074.00000004,25234584.0,-0.013005745,-0.10871788,-0.028799566,0.009126068,0.0025976417,0.031556845,0.021434829,-0.03395885,-0.058026116,0.001439215,-0.0028882793,0.0012546327,0.0010550355
Morten Hjulmand,26,83.0,86.0,71.0,76.0,81.0,76.0,82.0,81.0,0,0,0,1,33130866.00000001,31805092.0,-0.01834941,0.088079244,-0.0092216665,-0.003299206,0.0113259265,0.030685829,-0.056893677,0.004203369,0.023982666,0.0014268475,-0.0037867546,0.00085585105,-0.014538045
Eric García Martret,24,83.0,86.0,81.0,60.0,85.0,73.0,86.0,79.0,0,0,1,0,25768451.999999985,28352204.0,-0.0116475895,0.045754947,-0.022203892,-0.014500804,-0.04092182,0.028859196,-0.060090993,0.0013132679,0.016665868,0.0014571454,-0.0027078586,-0.004449637,0.0020323796
Xavier Simons,22,67.0,76.0,69.0,47.0,67.0,64.0,65.0,70.0,0,0,0,1,36812074.00000004,23249448.0,0.014594131,-0.13201588,-0.04542059,0.021890746,-0.00873124,-0.027386123,-0.022890534,-0.055020217,0.016176492,-0.0010276223,-0.002753688,-0.0021607971,-0.014122133
Yehor Yarmoliuk,21,77.0,83.0,65.0,64.0,78.0,77.0,77.0,68.0,0,1,0,1,22087243.999999985,21228828.0,0.024956316,-0.204823,-0.09207767,-0.039501864,0.007911302,-0.009425172,-0.007902865,-0.0119967265,-0.017326832,0.00025143713,0.0076698554,0.0008653937,-0.008390469
Matías Soulé,22,79.0,85.0,80.0,76.0,78.0,82.0,40.0,55.0,0,0,0,0,25768451.999999985,24742064.0,0.035192855,-0.1692322,-0.057769943,-0.017403986,0.015189692,-0.0064122877,0.02153617,0.029889256,-0.048529226,0.0006871393,-0.0016715941,0.0005827685,0.001310612
Nick Woltemade,23,80.0,85.0,69.0,82.0,80.0,85.0,44.0,83.0,0,0,0,0,47855696.0,39990570.0,0.016709043,-0.07400132,-0.04164338,0.013427982,0.0010343769,0.042337835,0.09568867,0.109735474,0.11856539,0.0013201884,-0.002419445,0.0016432994,0.0010908934
Luis Díaz,26,66.0,67.0,90.0,55.0,62.0,72.0,33.0,62.0,0,0,0,0,51536904.0,26275324.0,-0.0022590063,-0.11684874,0.087738484,0.03878747,-0.018463608,-0.03646621,-0.041719146,0.013770681,-0.06013975,-0.00076586637,-0.0012194128,-0.0006831617,0.0017514443
Antonio Nusa,20,78.0,88.0,86.0,73.0,71.0,82.0,47.0,59.0,0,1,0,0,23559726.99999998,24981392.0,0.052700423,-0.23786987,0.118261,-0.022255989,-0.011322921,-0.08142549,0.020853108,-0.018473724,-0.012204465,0.00082709006,0.001727633,0.00065469585,0.0015254107
Bradley Barcola,22,84.0,88.0,94.0,80.0,83.0,86.0,39.0,64.0,0,0,0,0,51536904.0,51093140.0,0.075753994,0.23922703,0.14345266,0.007720617,0.023911104,0.0034747743,0.041944556,0.024187911,-0.037691068,0.0038680867,-0.0012126395,0.0019974834,0.0018752252
Noa Lang,26,80.0,81.0,76.0,80.0,77.0,84.0,51.0,60.0,0,0,0,0,18406037.000000015,19475352.0,-0.040391065,-0.11356262,-0.10800174,-0.0076749763,-0.004943777,-0.019465188,0.030483633,-0.05119859,-0.12252855,0.00095957983,-0.0021008193,0.00020124167,0.0022247978
Pietro Comuzzo,20,75.0,86.0,61.0,30.0,65.0,48.0,77.0,66.0,0,1,1,0,16933553.99999999,17784740.0,0.03445306,-0.24961807,-0.026491411,-0.03557901,-0.100848995,-0.07001721,-0.025300927,-0.010185154,-0.046773724,0.0003032459,0.004373065,-0.0034003647,0.0022804055
Viktor Gyökeres,27,86.0,87.0,88.0,88.0,77.0,78.0,42.0,91.0,0,0,0,0,47855696.0,49847444.0,-0.10409466,0.3840614,0.07484263,0.000995449,0.047690634,-5.5599783e-05,-0.01974238,0.04263797,0.06874892,0.0036932502,-0.00060967996,0.00422592,0.0014276
Angelo Stiller,24,83.0,87.0,47.0,52.0,88.0,83.0,78.0,67.0,0,0,0,1,33130866.00000001,35143372.0,0.007320554,0.035416085,0.05705378,-0.014871748,-0.0462728,0.077055946,0.03999707,0.014002704,-0.006007206,0.0015085969,-0.004455683,-0.0006360044,-0.0058223503
Mikkel Damsgaard,24,80.0,83.0,66.0,74.0,83.0,81.0,74.0,62.0,0,0,0,0,22087243.999999985,21507760.0,-0.02911788,-0.102216676,-0.10514363,0.0027411852,0.0055967513,0.0042055165,0.0037236582,-0.039634258,-0.075385734,0.0013596107,-0.004099322,0.00020124167,0.0010398409
El Hadji Malick Diouf,20,78.0,84.0,83.0,67.0,73.0,78.0,73.0,79.0,0,1,1,0,20614760.99999998,21470380.0,0.039358582,-0.18853249,-0.096920446,-0.029489815,0.0018094328,-0.008170593,-0.0121674035,-0.049537297,0.0041326475,0.00036285009,0.0036104743,-0.0043494,0.001425349
Jhon Lucumí,27,76.0,78.0,67.0,24.0,74.0,58.0,78.0,81.0,0,0,1,0,18406037.000000015,18991000.0,-0.0723237,-0.16310766,-0.106275536,0.0019907085,-0.0886647,-0.0017649785,-0.02755258,-0.019773327,0.018907497,0.00036285009,-0.0033049046,-0.002287722,0.0026110841
João Félix Sequeira,25,81.0,84.0,75.0,81.0,80.0,83.0,47.0,60.0,0,0,0,0,18406037.000000015,22860332.0,-0.04078417,-0.048915327,-0.099321425,0.0016032521,-0.0020150342,0.01970416,0.026250213,0.007434885,-0.14083673,0.0012466828,-0.0024826315,0.00046386928,0.0019105253
Mathys Tel,20,77.0,85.0,87.0,79.0,68.0,81.0,27.0,67.0,0,1,0,0,18406037.000000015,21073908.0,0.026522484,-0.21004136,-0.06281737,-0.04259073,0.009826304,-0.07825285,-0.0027173485,0.024566704,-0.026830243,0.0007472072,0.0013984055,0.00092808035,0.002159508
André Morales,23,62.0,68.0,82.0,59.0,60.0,64.0,29.0,45.0,0,0,0,0,18406037.000000015,20149600.0,-0.040762596,-0.20641182,0.03554696,-0.02635205,-0.016265642,-0.031994496,-0.031134378,0.014651646,-0.09621888,-0.00076586637,-0.00093335554,-0.0024287745,0.0011095136
Kobbie Mainoo,20,78.0,85.0,66.0,73.0,80.0,82.0,78.0,73.0,0,1,0,1,36812074.00000004,31159896.0,0.067500584,-0.17164674,-0.026952235,0.029561402,0.0074123447,0.041353103,0.039861675,0.00599428,0.035566926,0.0007300809,0.009829862,0.00095419184,-0.006177585
Alexis Saelemaekers,26,80.0,80.0,77.0,68.0,80.0,84.0,71.0,54.0,0,0,1,0,18406037.000000015,22017928.0,-0.027395215,-0.09778063,-0.1015342,-0.012314198,-0.0011390795,0.013346734,0.02858651,-0.026971303,-0.08627896,0.0014070049,-0.0035622937,-0.00088222366,0.0012282889
Erling Haaland,24,91.0,93.0,92.0,96.0,78.0,79.0,47.0,93.0,0,0,0,0,147248297.00000006,138996850.0,0.060607105,0.71879417,0.41754374,0.08621677,0.09419092,0.01016172,0.012357404,0.034416527,0.06970896,0.00746194,-0.00056720705,0.01677621,0.0016351249
Mohamed Amoura,25,80.0,84.0,87.0,83.0,77.0,85.0,48.0,45.0,0,0,0,0,19878519.99999999,20946836.0,-0.03709999,-0.10854411,-0.09345365,-0.018048467,0.008876511,-0.011324269,0.041023016,-0.014339586,-0.13186572,0.0009327058,-0.0014461919,0.00020124167,0.0019351621
Ibrahim Mbaye,17,74.0,85.0,88.0,63.0,67.0,79.0,29.0,48.0,0,1,0,0,22087243.999999985,22408600.0,0.07417065,-0.22588283,-0.045639798,-0.020395296,0.0076578893,-0.071236886,-0.0009755385,0.02857414,-0.044722497,0.00064003415,0.00020039809,0.0006254811,0.0013015923
Jamie Leweling,24,78.0,81.0,84.0,69.0,73.0,84.0,46.0,76.0,0,0,0,0,29449658.99999995,26467920.0,-0.0070606144,-0.18796448,-0.07382465,-0.018096616,-0.00011667136,0.0010315996,0.08216237,0.024034912,0.04980189,0.0007646375,-0.0016280843,0.000724256,0.0009620602
Rayan Berberi,19,58.0,72.0,75.0,45.0,55.0,64.0,40.0,33.0,0,1,0,1,29449658.99999995,23777832.0,0.078601696,-0.18248253,-0.03592456,0.016332459,-0.013269401,-0.026989328,-0.016639795,0.04110194,-0.08491546,-0.00076586637,0.003627442,-0.00240435,-0.012659989
Konstantinos Karetsas,17,74.0,86.0,69.0,70.0,76.0,80.0,31.0,49.0,0,1,0,0,25768451.999999985,26471908.0,0.108571924,-0.25044575,-0.012755614,0.025290202,0.0016326981,0.0056325616,0.00022589833,0.028345045,-0.04272723,0.0006466752,0.0035888124,0.00072499336,0.0022210276
Pedro António Pereira Gonçalves,27,83.0,83.0,75.0,84.0,84.0,84.0,65.0,62.0,0,0,0,0,20614760.99999998,23706828.0,-0.1415844,0.014348336,-0.098574914,0.0075018103,0.023295296,0.039281048,0.039319012,-0.04197491,-0.08065298,0.0014224749,-0.0035921624,-6.259898e-05,0.001892376
Jérémy Jacquet,19,76.0,85.0,70.0,36.0,73.0,60.0,78.0,81.0,0,1,1,0,40493280.999999955,32665260.0,0.11695321,-0.17659982,-0.012480522,0.035156067,0.03502757,0.010373678,0.017041542,-0.0044397675,0.051624216,0.00036285009,0.0070586475,-0.0028633736,0.003952275
Xavi Simons,22,82.0,85.0,72.0,79.0,82.0,86.0,62.0,62.0,0,0,0,0,36812074.00000004,31568236.0,0.08675331,0.027668653,-0.05966642,0.016375989,0.016443951,0.01009971,0.050681833,-0.049085185,-0.05380907,0.0013928709,-0.004030971,0.0015172603,0.0026666005
Nicolò Barella,28,88.0,88.0,78.0,77.0,88.0,85.0,85.0,68.0,1,0,0,1,36812074.00000004,37014092.0,-0.22538806,0.25978974,0.11560986,0.010420785,0.02892476,0.057154845,0.035368443,-0.008308434,-0.014174364,-0.048610076,-0.001517262,0.0030739652,-0.0061802594
Murillo Costa dos Santos,22,82.0,86.0,78.0,33.0,75.0,69.0,82.0,90.0,0,0,1,0,36812074.00000004,33458140.0,0.06944437,0.024315773,-0.012959028,0.0006271249,-0.03321392,0.010277718,-0.024163889,0.0011265057,0.070708685,0.001028583,-0.0016979609,-0.0034373081,0.0030926971
Ferran Torres García,25,84.0,86.0,82.0,86.0,82.0,83.0,36.0,76.0,0,0,0,0,36812074.00000004,40880630.0,0.012109845,0.23797727,-0.0572271,-0.008408014,0.034352034,-0.003115386,0.05702096,-0.0057828203,0.03566205,0.0021083853,-0.0012102989,0.0012836143,0.0007425801
Éderson José dos Santos,25,82.0,85.0,78.0,72.0,84.0,81.0,84.0,77.0,0,0,0,1,29449658.99999995,29369716.0,-0.02170007,-0.017396603,-0.059003163,-0.003621194,0.009571652,0.051282104,0.007191921,-0.008777975,0.022633407,0.0013447409,-0.0034680278,0.00091647106,-0.0041494756
Rayan Vitor Simplício Rocha,18,77.0,87.0,82.0,77.0,75.0,79.0,35.0,79.0,0,1,0,0,29449658.99999995,28651852.0,0.07982067,-0.22714609,0.047412004,-0.011498097,0.013726703,0.010922773,0.0026226344,0.011635078,0.015141885,0.00075342867,0.0031738116,0.0011172657,0.0023998371
Jan Paul van Hecke,25,80.0,83.0,68.0,35.0,81.0,70.0,80.0,79.0,0,0,1,0,25768451.999999985,23815008.0,-0.016639207,-0.08479667,-0.10292429,0.01826017,-0.002099724,0.003333045,-0.05422424,-0.018453214,0.025965326,0.0013737447,-0.003938351,-0.0038648408,0.0031752323
Rayan Kolli,20,65.0,77.0,77.0,67.0,62.0,66.0,29.0,58.0,0,1,0,0,29449658.99999995,26754440.0,0.052750736,-0.14143251,-0.046537902,0.014416037,0.00067068124,-0.030910444,-0.014768402,0.046040006,-0.005056179,-0.00076586637,0.0050372835,-0.0013436099,0.0034703093
Josip Stanišić,25,79.0,82.0,77.0,44.0,75.0,68.0,80.0,76.0,0,0,1,0,25768451.999999985,22439992.0,-0.019834632,-0.1624735,-0.111547865,0.005081684,0.011566394,0.0020341412,-0.027710266,-0.017404333,0.027746163,0.0004503238,-0.0027756183,-0.002391503,0.002960067
James Garner,24,80.0,84.0,55.0,63.0,81.0,77.0,80.0,70.0,0,0,0,1,25768451.999999985,23930160.0,-0.00848054,-0.086893,-0.10228206,-0.026313066,0.012913717,0.011868448,-0.010058082,-0.015593378,0.002776587,0.0012623317,-0.0045273257,0.00079677615,-0.005484793
Brahim Díaz,25,81.0,82.0,82.0,75.0,82.0,84.0,29.0,58.0,0,0,0,0,25768451.999999985,25245704.0,-0.032109663,-0.034725633,-0.09281889,-0.014482912,0.014687812,-0.00091500604,0.035959497,0.038454767,-0.0911822,0.0013201884,-0.0018280039,0.00046386928,0.0006960754
Christos Tzolis,23,81.0,87.0,79.0,80.0,79.0,84.0,39.0,63.0,0,0,0,0,22087243.999999985,27335564.0,0.0029435188,-0.028259702,0.04058312,-0.016101468,0.004172669,-0.026519187,0.008204537,0.017346729,-0.10343125,0.0013743783,-0.0013774869,0.001643437,0.0024651256
Bazoumana Touré,19,75.0,86.0,92.0,66.0,70.0,83.0,35.0,50.0,0,1,0,0,25768451.999999985,22970916.0,0.064369775,-0.2438011,-0.03336472,0.01657705,-0.011651996,-0.061111595,0.040648628,0.013491569,-0.06091063,0.00089247007,0.0020263798,0.0006254811,0.0013015923
Jarrod Bowen,28,83.0,83.0,74.0,84.0,80.0,82.0,41.0,66.0,1,0,0,0,25768451.999999985,25596208.0,-0.1556591,-0.005401031,-0.085012354,0.0048811533,0.02447817,0.019706935,0.013388274,0.06331703,-0.034512993,-0.006570523,-0.002989791,-0.00023456683,0.0019105253
Leny Yoro,19,78.0,86.0,72.0,38.0,75.0,60.0,82.0,75.0,0,1,1,0,36812074.00000004,34136856.0,0.12457711,-0.15001209,0.02045351,0.035963323,0.027317612,0.012399729,0.022066817,0.005353872,0.01838771,0.00043008692,0.0074607753,-0.0031113871,0.003952275
Mikel Merino Zazón,29,83.0,83.0,63.0,80.0,84.0,82.0,82.0,78.0,1,0,0,0,22087243.999999985,22214756.0,-0.108242914,-0.067589894,-0.10236757,-0.047783583,-0.0064636474,0.011840878,0.02288466,-0.010538069,0.011094421,-0.0042661605,-0.0040917145,9.67742e-05,0.0010516241
Aleksandar Stanković,19,72.0,85.0,66.0,62.0,74.0,65.0,69.0,65.0,0,1,1,0,18406037.000000015,23374524.0,0.0841337,-0.2406404,-0.025357902,0.026410101,0.009917044,3.772782e-05,-0.02356178,-0.045792572,-0.044585593,0.00036285009,0.004480935,-0.0028856664,0.0039888956
Moussa Diaby,25,83.0,84.0,95.0,73.0,79.0,86.0,36.0,37.0,0,0,0,0,20614760.99999998,24016580.0,-0.027820803,0.05219608,-0.09864344,-0.014117802,-0.019164098,-0.009977541,0.03575492,0.027647804,-0.17354123,0.0012003881,-0.0014461919,0.00040324923,0.0011100781
Kevin Miranda,22,63.0,72.0,54.0,27.0,61.0,30.0,69.0,69.0,0,0,1,0,22087243.999999985,19376572.0,0.011202317,-0.15428737,-0.037554096,-0.05996603,-0.10620901,-0.025615694,-0.013268652,-0.042493295,-0.0074851005,-0.0010835624,-0.002537596,-0.003650538,0.0018626872
Michael Olise,23,88.0,90.0,74.0,85.0,87.0,90.0,58.0,62.0,0,0,0,0,103073808.00000015,96185780.0,0.068580806,0.50915897,0.35038388,0.015539885,0.06783501,0.077160604,0.084276974,0.0065076295,-0.04207098,0.0065701124,-0.0017929728,0.01715446,0.0018236663
Dominic Solanke,27,80.0,80.0,74.0,81.0,77.0,78.0,35.0,84.0,0,0,0,0,25768451.999999985,25246472.0,-0.095939055,-0.064555824,-0.10639721,0.0076266658,0.0013828303,-0.008977652,-0.023754682,0.04971594,0.06315973,0.0011981616,-0.002109276,0.00060560444,0.0015892948
Ian Maatsen,23,79.0,84.0,87.0,64.0,79.0,81.0,72.0,52.0,0,0,1,0,22087243.999999985,20336592.0,-0.019604232,-0.16629344,-0.101091094,-0.022422142,-0.0009815166,-0.010941146,0.009685599,-0.03854021,-0.041617516,0.0004503238,-0.001531687,-0.0010526557,0.0012225201
Lautaro Martínez,27,88.0,88.0,80.0,93.0,78.0,81.0,50.0,80.0,0,0,0,0,62580525.99999999,60347284.0,-0.09399918,0.5060928,0.17889501,0.001485548,0.06684262,-0.0008898932,0.013230121,-0.015762558,0.024699925,0.0055184904,-0.0006821282,0.007934193,0.0016027062
Evan Ndicka,25,81.0,83.0,78.0,49.0,78.0,69.0,83.0,81.0,0,0,1,0,25768451.999999985,25565372.0,-0.01206947,-0.01813471,-0.10143287,0.005479728,-0.011484144,-0.0046268897,-0.035844974,-0.015365838,0.029788611,0.00094790617,-0.002032649,-0.002719564,0.0035838187
Nathan De Cat,16,68.0,87.0,63.0,45.0,69.0,63.0,68.0,68.0,0,1,0,1,18406037.000000015,19283664.0,0.049074944,-0.21969451,0.005767468,-0.034012202,-0.032592192,-0.08732933,-0.031528663,-0.053118993,-0.024191951,-0.0008847334,0.0036792466,-0.0019897888,-0.019066103
Valentín Barco,20,78.0,84.0,77.0,42.0,83.0,77.0,74.0,48.0,0,1,0,1,25768451.999999985,22144700.0,0.063353345,-0.16550544,-0.1043314,-0.006311957,-0.021288786,0.0044891858,-0.011698675,-0.03254789,-0.034268122,0.0007906767,0.0070410417,-0.0008605683,-0.0064042755
Adam Wharton,21,81.0,87.0,63.0,60.0,86.0,78.0,78.0,66.0,0,1,0,1,44174489.00000005,41948224.0,0.09379472,0.03172838,0.12377541,-0.011493781,-0.03445733,0.12656444,0.008946496,0.014470899,-0.027515382,0.0014753368,0.009634089,0.0013540951,-0.006994131
Aurélien Tchouaméni,25,84.0,87.0,70.0,65.0,85.0,76.0,83.0,82.0,0,0,1,0,55218110.99999999,49294996.0,0.020965137,0.25010467,0.11001052,0.01709923,0.008751726,0.042196903,-0.035670467,0.0107579,0.070859075,0.0034901453,-0.0023980667,-0.0064897262,0.002999754
Florian Wirtz,22,87.0,91.0,79.0,82.0,88.0,89.0,49.0,59.0,0,0,0,1,80986563.00000006,93445250.0,0.10545596,0.4909605,0.3632963,0.006013009,0.041048862,0.06288719,0.045148075,0.0146116465,-0.009083258,0.006444817,-0.0010662947,0.016645795,-0.01013737
Antonee Robinson,27,82.0,82.0,89.0,44.0,76.0,79.0,81.0,73.0,0,0,1,0,18406037.000000015,21413576.0,-0.12831806,-0.031197017,-0.12306272,0.021307312,-0.03487905,-0.0025340514,-0.016092548,-0.029104874,0.0056823576,0.0009613462,-0.002014819,-0.0029835624,0.0011207744
Wilfried Singo,24,79.0,85.0,87.0,55.0,71.0,74.0,80.0,85.0,0,0,1,0,18406037.000000015,20647432.0,-0.024150439,-0.17031938,-0.049700532,-0.037850354,-0.020237386,-0.041663215,-0.061814796,-0.021885775,0.05223336,0.0004503238,-0.0006738766,-0.0037266447,0.0017864997
Amadou Onana,23,81.0,84.0,82.0,60.0,80.0,79.0,82.0,84.0,0,0,0,1,33130866.00000001,29207544.0,0.024671799,-0.014430674,-0.105656445,-0.014876246,-0.015856775,0.018875182,0.002454888,-0.007902535,0.085596815,0.0013891727,-0.0025164566,0.0015681545,-0.004034138
Assan Ouédraogo,19,73.0,86.0,76.0,66.0,79.0,83.0,54.0,77.0,0,1,0,1,20614760.99999998,26174680.0,0.078012444,-0.25326818,-0.009969465,0.009181688,0.0084220255,-0.011428539,0.058411654,-0.05577426,0.038548805,0.0006206279,0.0039359545,0.00093444687,-0.007979539
Jakub Kiwior,25,80.0,85.0,70.0,29.0,83.0,75.0,83.0,79.0,0,0,1,0,19878519.99999999,22168748.0,-0.027532449,-0.07891244,-0.056107376,-0.0066332403,-0.07356951,-0.01064081,-0.056461055,-0.007983221,0.01563514,0.0013603047,-0.004414462,-0.004012661,0.002802709
Dominik Szoboszlai,24,86.0,88.0,83.0,79.0,86.0,85.0,76.0,69.0,0,0,1,0,73624147.9999999,63098344.0,0.045273364,0.41151848,0.14395142,-0.003470176,0.020567743,0.06281438,0.044388663,0.018851692,0.004030058,0.005341697,-0.0013455658,-0.013246702,0.0008699946
Weston McKennie,26,78.0,79.0,78.0,68.0,78.0,78.0,81.0,77.0,0,0,0,1,22087243.999999985,21625944.0,-0.024468666,-0.19217639,-0.10405757,0.0029325774,0.008852534,-0.013464501,-0.017718513,-0.0138663305,0.031579185,0.00037827814,-0.0023673084,0.000724256,-0.007593085
Ousmane Dembélé,28,90.0,90.0,89.0,90.0,89.0,94.0,49.0,69.0,1,0,0,0,73624147.9999999,47453756.0,-0.3023624,0.28486714,0.25634426,0.04320213,0.09414146,0.016718514,0.091217406,0.027741825,-0.007943727,-0.055307165,-0.0010692327,0.0055634174,0.001505253
Santiago Castro,20,77.0,84.0,78.0,78.0,68.0,77.0,38.0,67.0,0,1,0,0,25768451.999999985,23718676.0,0.036452886,-0.20184547,-0.057765026,0.009945474,0.0031249928,-0.055888537,-0.020498661,0.05598455,-0.016902344,0.00061047217,0.003994518,0.0008564074,0.0030520563
Francesco Pio Esposito,20,76.0,84.0,67.0,79.0,73.0,72.0,44.0,85.0,0,1,0,0,33130866.00000001,29524056.0,0.0650491,-0.20017073,-0.0753077,0.027831525,0.02488171,0.0034815974,-0.037146017,0.08579615,0.0732383,0.00061047217,0.006676193,0.0008962437,0.00422545
Ardon Jashari,22,77.0,86.0,74.0,64.0,80.0,70.0,72.0,80.0,0,0,0,1,22087243.999999985,23067552.0,0.023666736,-0.2143243,-0.010291621,0.023860589,-0.0029077926,0.02897506,-0.05947497,-0.05067711,0.011707921,0.0008579135,-0.0044374275,0.00092617236,-0.014599343
Khéphren Thuram,24,81.0,85.0,80.0,77.0,83.0,81.0,84.0,82.0,0,0,0,1,29449658.99999995,29026828.0,-0.012797794,-0.0288487,-0.05997628,-0.015675569,0.010116267,0.005335703,0.00962268,-0.009633045,0.06856136,0.0013461707,-0.0023648601,0.00091647106,-0.003526808
Mateus Gonçalo Espanha Fernandes,20,78.0,85.0,67.0,69.0,80.0,80.0,76.0,62.0,0,1,0,1,25768451.999999985,26606860.0,0.07178871,-0.17116289,-0.02692207,0.021927556,0.0026710765,0.03192259,0.0037403526,0.0006349395,-0.06328941,0.0007300809,0.009829862,0.00053750555,-0.006383154
Martin Baturina,22,79.0,84.0,77.0,70.0,81.0,84.0,64.0,69.0,0,0,0,1,17669795.000000004,21959968.0,0.0070651066,-0.18683435,-0.087436244,-0.013417459,-0.005126043,0.006686378,0.049914762,-0.06412293,-0.014091801,0.0010027537,-0.0040872493,0.0009106567,-0.006383154
Destiny Udogie,22,79.0,83.0,89.0,64.0,76.0,79.0,76.0,77.0,0,0,1,0,25768451.999999985,24606292.0,0.027137209,-0.17214732,-0.10259279,0.03155755,0.0015873961,0.002678452,0.00243484,-0.0059259287,0.017578157,0.0004503238,-0.0018101371,-0.0043494,0.0012600415
Tyler Adams,26,79.0,81.0,74.0,55.0,78.0,74.0,82.0,69.0,0,0,0,1,18406037.000000015,19450520.0,-0.025358735,-0.17244534,-0.113205604,0.014281993,-0.019245042,-0.013486659,-0.055738114,-0.021993821,-0.010312491,0.00046575186,-0.0032903852,-0.0003912487,-0.0165435
Kai Havertz,26,82.0,84.0,72.0,80.0,82.0,84.0,47.0,75.0,0,0,0,0,36812074.00000004,32637296.0,-0.0074056746,-0.0061502494,-0.0727596,0.013012151,-0.005477559,0.007932406,0.07941226,0.031597387,0.04003968,0.0012466828,-0.002989791,0.00088603253,0.0009709491
Karim Adeyemi,23,82.0,86.0,96.0,81.0,74.0,84.0,34.0,67.0,0,0,0,0,36812074.00000004,36219476.0,0.026609879,0.022168996,-0.040630795,0.03281036,0.020452905,0.010005016,0.060312588,0.042618826,0.0066222865,0.0012986587,-0.0013774869,0.0016528058,0.0019047565
Ismaïla Sarr,27,80.0,80.0,93.0,79.0,79.0,78.0,39.0,72.0,0,0,0,0,25768451.999999985,25223128.0,-0.08509643,-0.06035646,-0.091914326,0.031935245,0.015809566,-0.021742342,-0.026804978,0.05653496,0.0019572747,0.0011981616,-0.0014491299,0.00058836094,0.0019567334
Finn Jeltsch,18,73.0,87.0,73.0,33.0,68.0,60.0,78.0,76.0,0,1,1,0,22087243.999999985,22685332.0,0.058010213,-0.26815587,0.035071198,0.009746686,-0.044626933,-0.09445828,-0.008536917,0.004502104,0.020644685,0.0005253131,0.0036488182,-0.0028144224,0.0030149168
Gonzalo García Torres,21,73.0,83.0,70.0,75.0,66.0,69.0,40.0,74.0,0,1,0,0,22087243.999999985,22973368.0,0.02563527,-0.2344748,-0.053965725,0.018923061,-0.00087090157,-0.039026413,-0.04996748,0.049496118,0.0051340517,0.00061047217,0.004707399,-0.0010637365,0.0040574404
Mohamed Salah,33,89.0,89.0,86.0,88.0,86.0,87.0,43.0,75.0,1,0,0,0,22087243.999999985,48097820.0,-0.19511256,0.25275868,0.24393082,-0.022695431,0.060025904,0.03289311,0.06934848,0.061509397,0.016773969,-0.056556284,-0.0010692327,0.0056193788,0.00066993525
Gabriel Moraganoz,28,69.0,69.0,68.0,52.0,66.0,50.0,65.0,70.0,1,0,1,0,55218110.99999999,47631130.0,0.10567947,0.06787293,0.16636497,0.035009976,0.0033588083,0.0051731793,0.031846758,-0.027774617,0.03652713,0.03429912,-0.0016161615,-0.0010611361,0.002659258
Mateo Retegui,26,82.0,83.0,74.0,87.0,78.0,78.0,30.0,81.0,0,0,0,0,25768451.999999985,27357212.0,-0.022922821,0.0016688772,-0.10229965,0.0016929882,0.01698369,-0.01073055,-0.035290673,0.035111893,0.017662873,0.0011981616,-0.0023723212,0.00088603253,0.0022463691
Liam Delap,22,78.0,84.0,81.0,80.0,69.0,78.0,25.0,84.0,0,0,0,0,23559726.99999998,23749052.0,0.030729592,-0.20374,-0.07500093,-0.013252812,0.00311086,-0.043920685,-0.02172842,0.037146233,0.046869732,0.0007472072,-0.0010436858,0.0009017887,0.0015852714
Francisco Trincão,25,83.0,85.0,80.0,82.0,82.0,86.0,36.0,72.0,0,0,0,0,25768451.999999985,33609020.0,-0.01096271,0.07271754,-0.06830832,-0.009902003,0.0024798643,-0.0006676848,0.087335214,0.018683208,0.017115448,0.0013201884,-0.0017592988,0.00085170416,0.0007425801
Jon Gorrotxategi,22,76.0,84.0,73.0,58.0,75.0,70.0,78.0,78.0,0,0,0,1,18406037.000000015,20107332.0,0.017797291,-0.21367128,-0.09322446,0.002574779,-0.019826546,-0.0006313509,-0.06561421,-0.018385405,0.0066082748,0.00037827814,-0.003282778,-0.0002341839,-0.016547833
Harry Kane,31,90.0,90.0,65.0,96.0,86.0,80.0,44.0,87.0,1,0,0,0,47855696.0,47264604.0,-0.2378848,0.31713066,0.26366043,-0.031685907,0.06296325,0.032520283,-0.0019747124,0.04338703,0.046061497,-0.048244793,-0.0014587295,0.0058272607,0.00031120353
Giorgio Scalvini,21,78.0,86.0,65.0,25.0,72.0,56.0,82.0,71.0,0,1,1,0,22087243.999999985,21755352.0,0.03227835,-0.17627315,0.0036246874,-0.047635134,-0.094888456,-0.03971439,-0.015217699,0.003355077,0.00373494,0.0003032459,0.006147834,-0.0036547137,0.0026481783
Nicolò Rovella,23,79.0,84.0,77.0,52.0,82.0,78.0,77.0,62.0,0,0,0,1,16933553.99999999,18619560.0,-0.020024356,-0.18287235,-0.10683835,-0.013093743,-0.039152157,0.000682872,-0.016154073,-0.013159007,-0.08071028,0.00087815034,-0.0041368837,-0.0008605683,-0.005489737
Dayot Upamecano,26,86.0,88.0,78.0,39.0,79.0,73.0,84.0,87.0,0,0,1,0,51536904.0,52848804.0,0.0173454,0.38738218,0.15955451,0.0133540565,-0.015891356,-0.01347167,-0.02953576,-0.0043730056,0.05373472,0.0054330043,-0.0009147219,-0.014049562,0.0037216956
Samba Diallo,22,63.0,71.0,69.0,59.0,61.0,66.0,22.0,58.0,0,0,0,0,36812074.00000004,32170488.0,0.046882242,-0.10910371,0.046455204,0.03143472,0.0019812088,-0.01097312,-0.009991656,0.0672575,0.0025664251,-0.0006291312,-0.001252325,-0.0021397884,0.0034284415
Alejandro Balde Martínez,21,83.0,87.0,90.0,51.0,82.0,80.0,80.0,69.0,0,1,1,0,40493280.999999955,40755440.0,0.07825375,0.12581395,0.10213682,0.049190894,-0.057259377,0.008993777,0.010024792,0.0010287664,-0.019299686,0.0015362076,0.0068485592,-0.0060258857,0.0011929888
Givairo Read,19,76.0,89.0,80.0,52.0,72.0,70.0,74.0,75.0,0,1,1,0,18406037.000000015,21011300.0,0.044663798,-0.31976455,0.17860372,-0.030959353,-0.039226107,-0.072538264,-0.053655602,-0.055137597,-0.00074496836,0.001024734,0.0015795392,-0.017076224,0.003150817
Bruno Guimarães Moura,27,86.0,86.0,66.0,73.0,88.0,86.0,82.0,76.0,0,0,0,1,55218110.99999999,49353984.0,-0.08523492,0.37220627,-0.04569073,0.023067845,0.019229831,0.074971765,0.072415344,0.009594857,0.05272091,0.0030798095,-0.002061699,0.0026995048,-0.0031219998
Marc Guéhi,24,84.0,86.0,72.0,42.0,80.0,72.0,85.0,80.0,0,0,1,0,47855696.0,41758788.0,0.01919737,0.26676932,-0.016727079,0.026821436,0.007693278,0.026513038,-0.04005244,0.013389763,0.026040945,0.0026547732,-0.002470515,-0.0061569475,0.003082232
Maximilian Beier,22,80.0,84.0,86.0,83.0,77.0,80.0,39.0,53.0,0,0,0,0,29449658.99999995,28056280.0,0.05915867,-0.07498399,-0.094172254,-0.016522352,0.030383475,-0.0061228117,0.008476942,0.05572707,-0.035637006,0.0011981616,-0.0014461919,0.0009417233,0.0020744293
Assane Diao,19,76.0,87.0,90.0,79.0,69.0,78.0,33.0,57.0,0,1,0,0,22087243.999999985,22764524.0,0.06951853,-0.262549,0.022116354,0.024832202,0.018763775,-0.109649524,-0.010058048,0.0036114587,-0.04207573,0.00075342867,0.001727633,0.0006474639,0.0024213106
Andrea Cambiaso,25,80.0,82.0,80.0,68.0,80.0,81.0,79.0,68.0,0,0,1,0,22087243.999999985,23688432.0,-0.012380199,-0.09392436,-0.11150978,-0.015048656,0.0040264456,0.01799172,0.0053630536,-0.019263614,-0.010728569,0.0013737447,-0.002940473,-0.0041157417,0.0009999198
Mikel Jauregizar Alboniga,21,80.0,87.0,72.0,72.0,81.0,77.0,81.0,75.0,0,1,0,1,25768451.999999985,32584924.0,0.051493444,-0.09582557,0.08869768,0.01685354,-0.008773506,0.020187944,-0.001454247,0.0071102143,0.00020826494,0.0014961018,0.008385016,0.0017647053,-0.011439772
Gonçalo Matias Ramos,24,80.0,84.0,73.0,82.0,72.0,76.0,47.0,79.0,0,0,0,0,25768451.999999985,23631480.0,-0.011692546,-0.09508628,-0.08523809,-0.00039311437,-0.0035919514,-0.026577601,-0.04976023,0.014212834,0.011502886,0.0008994456,-0.0017297902,0.0008050333,0.004078741
Natan Bernardo de Souza,24,78.0,83.0,66.0,27.0,74.0,66.0,80.0,83.0,0,0,1,0,18406037.000000015,20029208.0,-0.01699648,-0.19501743,-0.09841883,0.0018173736,-0.07975413,0.0018417444,-0.04487968,-0.027435664,0.05464761,0.00036285009,-0.0030136395,-0.0033490942,0.0022391034
Rômulo José Cardoso da Cruz,23,78.0,83.0,67.0,82.0,77.0,79.0,33.0,84.0,0,0,0,0,22087243.999999985,24055092.0,-0.0065446435,-0.21414892,-0.08926565,0.009669929,-0.00010768976,-0.0028694142,-0.012555305,0.0351561,0.05570243,0.00061047217,-0.0027750377,0.0009279002,0.0014051662
Danilo Mitrović,23,61.0,68.0,58.0,45.0,55.0,51.0,70.0,54.0,0,0,1,0,17669795.000000004,21965708.0,-0.03519441,-0.18357271,0.06754869,-0.047979876,-0.016131943,-0.025949063,-0.0010166925,-0.022405038,-0.049090605,-0.0010835624,-0.0013900101,-0.001591292,0.0021914286
Mats Wieffer,25,78.0,81.0,67.0,62.0,79.0,73.0,78.0,76.0,0,0,1,0,18406037.000000015,21127560.0,-0.025113937,-0.17984718,-0.10198743,0.00865026,0.014750953,-0.014087938,-0.059077024,-0.015516928,0.020979863,0.00036285009,-0.003282778,-0.0039749593,0.0035838187
Archie Gray,19,77.0,86.0,73.0,59.0,78.0,75.0,76.0,72.0,0,1,1,0,25768451.999999985,25945492.0,0.09872142,-0.19933376,-0.004565661,0.015018401,-0.021718148,1.4226767e-05,-0.04233582,-0.0064355503,0.003345178,0.00043008692,0.0074607753,-0.0043227295,0.004576027
Carlos Baleba,21,80.0,86.0,74.0,63.0,80.0,81.0,81.0,79.0,0,1,0,1,40493280.999999955,33779136.0,0.048293073,-0.07974544,-0.00021107851,0.022655718,0.016685978,0.038692653,0.028141685,0.0036401325,0.031754974,0.0014564095,0.007907015,0.0015980364,-0.006177585
Benjamin Šeško,22,80.0,87.0,90.0,81.0,74.0,78.0,42.0,83.0,0,0,0,0,47855696.0,43988116.0,0.059879225,-0.06534837,0.072005615,0.09682111,0.022812843,0.014726454,0.002685314,0.07809523,0.093141355,0.0013411181,-0.00087878364,0.0017647053,0.0017149914
Alexander Isak,25,87.0,88.0,80.0,90.0,79.0,87.0,34.0,79.0,0,0,0,0,73624147.9999999,71811130.0,0.032508615,0.5092349,0.12677844,0.0014085573,0.06577559,-0.004277597,0.07071569,0.018151065,0.031237056,0.0056038355,-0.0006821282,0.0108406525,0.0016027062
Kevin Castaño,24,74.0,75.0,70.0,61.0,78.0,77.0,77.0,68.0,0,0,0,1,22087243.999999985,21248188.0,-0.012403251,-0.20399652,-0.06760625,0.0041904394,-0.010307538,-0.011019279,-0.015375117,-0.014188258,-0.00969529,0.00037827814,-0.002017458,0.0006908626,-0.0075219446
Justin Kluivert,26,79.0,81.0,86.0,75.0,77.0,82.0,45.0,53.0,0,0,0,1,22087243.999999985,21348856.0,-0.033492997,-0.1748716,-0.09757413,-0.00865409,0.010820219,-0.013356631,0.022405103,0.019353684,-0.061649036,0.0006871393,-0.0017432371,0.000111478,-0.0061761057
Oihan Sancet Tirapu,25,82.0,87.0,77.0,81.0,83.0,83.0,66.0,80.0,0,0,0,0,25768451.999999985,28231920.0,-0.033216026,-0.027447706,0.043848917,-0.009758626,-0.0034981933,-0.0033246253,0.02400535,-0.07291554,0.016805945,0.0015358274,-0.0032795947,0.0010509735,0.001497465
João Victor Gomes da Silva,24,78.0,83.0,52.0,64.0,78.0,73.0,81.0,68.0,0,0,0,1,25768451.999999985,19721804.0,-0.016349368,-0.18764667,-0.09042372,-0.018336708,0.0041410658,-0.010189603,-0.059495773,-0.01831249,-0.008841226,0.00025143713,-0.0032903852,0.0007070125,-0.015637673
William Saliba,24,88.0,90.0,78.0,35.0,80.0,74.0,90.0,88.0,0,0,1,0,66261732.99999991,62928636.0,0.040171906,0.45620504,0.28919595,0.014450156,-0.02849238,0.010857759,-0.040470485,-0.0072896047,0.053892914,0.0067278096,-0.0010281885,-0.060607877,0.0032414282
Ousmane Diomande,21,80.0,87.0,82.0,20.0,71.0,71.0,82.0,90.0,0,1,1,0,33130866.00000001,31222720.0,0.04743717,-0.08557208,0.091887675,-0.006299594,-0.028732456,-0.042623278,-0.026085861,0.014424177,0.06901556,0.0011238093,0.003500902,-0.0047561587,0.002680421
Sander Berge,27,79.0,80.0,65.0,61.0,81.0,75.0,76.0,89.0,0,0,1,0,18406037.000000015,18858708.0,-0.0882476,-0.1474546,-0.11276146,-0.052509114,-0.018050427,-0.008960841,-0.06591471,-0.0128364675,0.042027738,0.0007358813,-0.0042460253,-0.0030276151,0.003079445
Kevin Carlos Omoruyi Benjamin,24,71.0,76.0,67.0,73.0,62.0,70.0,21.0,91.0,0,0,0,0,22087243.999999985,21740544.0,-0.033500805,-0.21111032,-0.07039684,0.015228856,-0.003095863,-0.031022575,-0.057413362,-0.008824755,0.071602434,0.00071617344,-0.0018947647,0.0007272576,0.0030232768
Andrey N. dos Santos,21,80.0,87.0,71.0,69.0,82.0,77.0,81.0,75.0,0,1,0,1,33130866.00000001,32105204.0,0.052061934,-0.09526254,0.08869787,0.003967435,0.00032885128,0.005972191,0.00044155103,0.0063729924,0.0009493452,0.0014961018,0.008385016,0.0017194423,-0.011256444
Alexis Mac Allister,26,86.0,87.0,64.0,79.0,87.0,81.0,82.0,69.0,0,0,0,1,58899318.000000075,57125420.0,0.020760424,0.42783305,0.09515472,-0.02119782,0.0040137656,0.08658308,0.021948947,0.012303445,-0.007731082,0.0040661735,-0.002069306,0.0045883637,-0.0061485646
Bilal El Khannouss,21,78.0,84.0,78.0,69.0,78.0,84.0,39.0,56.0,0,1,0,1,23559726.99999998,23679036.0,0.040366016,-0.17346779,-0.07921069,-0.0018162108,-0.006538174,-0.012906162,0.028677756,0.041662354,-0.07543672,0.0007646375,0.0050787576,0.00022459621,-0.007941289
Khvicha Kvaratskhelia,24,87.0,90.0,86.0,81.0,87.0,89.0,62.0,76.0,0,0,0,0,66261732.99999991,73407590.0,0.04190034,0.47006333,0.30037287,-0.029127613,0.007912418,0.06714294,0.059221514,-0.057527743,0.0088763395,0.006884295,-0.0013040438,0.016157964,0.0003086391
Darwin Núñez,26,78.0,81.0,89.0,75.0,74.0,76.0,52.0,81.0,0,0,0,0,18406037.000000015,19414604.0,-0.028810684,-0.2029326,-0.1028097,0.018134722,-0.005821432,-0.008061461,-0.060897086,-0.05013497,0.00065110106,0.00033863005,-0.0015654416,0.00076951896,0.0020156328
Adrien Truffert,23,79.0,83.0,76.0,52.0,75.0,76.0,80.0,65.0,0,0,1,0,18406037.000000015,19564636.0,-0.015191078,-0.17741776,-0.107967794,0.006368756,-0.024876995,0.00043838454,-0.03462444,-0.024247225,-0.052734792,0.0004503238,-0.0027832256,-0.0022542782,0.0034221625
Alan Varela,23,80.0,85.0,69.0,60.0,81.0,75.0,77.0,76.0,0,0,0,1,23559726.99999998,23675828.0,0.0010803641,-0.09123834,-0.050876476,0.00535874,-0.03245863,0.013099174,-0.07432653,-0.010644087,0.014382514,0.0013891727,-0.004448076,0.0015980364,-0.013610787
Dejan Kulusevski,25,83.0,86.0,72.0,82.0,86.0,88.0,66.0,78.0,0,0,0,0,25768451.999999985,30854492.0,-0.018944371,0.03524046,-0.043904245,0.009989288,-0.012749272,0.03299043,0.061646536,-0.06049616,0.021071319,0.0014897117,-0.0040200716,0.00074126397,0.0010784077
Jorrel Hato,19,78.0,87.0,84.0,39.0,79.0,70.0,77.0,73.0,0,1,1,0,25768451.999999985,27368796.0,0.088897556,-0.17516038,0.07372439,-0.03573972,-0.004359884,-0.009098796,-0.04550853,0.0020635678,0.0072446773,0.0005253131,0.003759487,-0.00460289,0.00251804
Eduardo Camavinga,22,82.0,86.0,80.0,64.0,86.0,83.0,82.0,79.0,0,0,1,0,36812074.00000004,35600520.0,0.054064352,0.01614823,-0.023466418,-0.02253225,0.0041498304,0.074015334,0.03991357,0.0067306277,0.025079079,0.0015038457,-0.0027078586,-0.0058467463,0.00016422193
Gabriel Lindqvist,29,69.0,69.0,72.0,62.0,66.0,69.0,69.0,71.0,1,0,1,0,55218110.99999999,51362228.0,0.21238443,0.085091315,0.16301404,0.030312747,0.016168144,0.0090768505,-0.021871429,-0.020614674,0.025486,0.03429912,-0.0016161615,-0.0009887877,0.0030153096
Georgiy Sudakov,22,80.0,87.0,80.0,76.0,79.0,83.0,58.0,68.0,0,0,0,1,20614760.99999998,24978200.0,0.023655536,-0.11873124,0.03173962,-0.02171237,0.0055124275,-0.029567882,0.024124933,-0.06633423,-0.025174137,0.0011025363,-0.0013774869,0.0017522326,-0.012131356
Alphonso Davies,24,84.0,87.0,93.0,64.0,84.0,85.0,74.0,75.0,0,0,1,0,33130866.00000001,36886460.0,0.017357798,0.20779705,0.0357528,-0.046648253,-0.035917576,0.032596674,0.03214954,-0.03532979,-0.00044118898,0.0035368458,-0.0019006407,-0.006494965,0.00024769112
Serhou Guirassy,29,85.0,85.0,71.0,86.0,83.0,82.0,44.0,85.0,1,0,0,0,29449658.99999995,30263656.0,-0.15219906,0.12300126,-0.080727495,-0.0040086457,0.033007983,-0.0126916515,0.008464764,0.054942474,0.04761764,-0.0124284215,-0.0015012024,0.0010747077,0.00025713595
Chris Rigg,18,72.0,84.0,73.0,66.0,73.0,74.0,62.0,47.0,0,1,0,1,18406037.000000015,20208528.0,0.07891252,-0.24040824,-0.08479727,0.005871428,-0.006590189,-0.0068641086,-0.041664474,-0.04891075,-0.041289907,0.00037827814,0.004358454,0.00036682107,-0.018399507
Yeremy Jesús Pino Santos,22,79.0,87.0,76.0,76.0,81.0,83.0,48.0,44.0,0,0,0,0,25768451.999999985,27144676.0,0.038743854,-0.18769984,0.06705137,0.0028692526,0.009894367,0.017935507,0.018836873,-0.021294707,-0.051545247,0.0010305559,-0.0027352183,0.00070894515,0.002238176
Martín Zubimendi Ibáñez,26,85.0,87.0,66.0,69.0,87.0,79.0,82.0,67.0,0,0,0,1,58899318.000000075,56019764.0,0.030148221,0.37434053,0.085546546,0.014872468,0.00569433,0.09130678,0.014855008,0.015176409,-0.0118631935,0.004152351,-0.002069306,0.0043814476,-0.005982151
Luis Henrique Tomaz de Lima,23,78.0,83.0,94.0,74.0,74.0,80.0,52.0,81.0,0,0,1,0,16933553.99999999,19289180.0,-0.011755723,-0.21641259,-0.101354994,-0.020696495,-0.018627645,-0.0065973485,-0.008802391,-0.056831922,0.00014699082,0.000323202,-0.0015654416,-0.0043720314,0.00094752095
Robin Le Normand,28,81.0,82.0,69.0,26.0,81.0,56.0,81.0,86.0,1,0,1,0,18406037.000000015,19803148.0,-0.10615357,-0.06870339,-0.12372717,-0.0037290656,-0.08914745,-0.010251572,-0.03478778,-0.023443913,0.05152353,-0.006491502,-0.00422306,-0.002280958,0.0021121446
João Pedro Gonçalves Neves,20,87.0,92.0,71.0,72.0,87.0,84.0,85.0,78.0,0,1,0,1,80986563.00000006,85514170.0,0.0914149,0.45475566,0.3447767,-0.007889023,0.002031744,0.07860274,0.04046319,-0.011951341,0.028438248,0.0076275044,0.003732616,0.017185675,-0.005649877
Johan Manzambi,19,75.0,85.0,75.0,68.0,77.0,83.0,68.0,68.0,0,1,0,1,25768451.999999985,24819768.0,0.06758341,-0.22514848,-0.026859397,0.014667539,0.002545918,-0.010024365,0.055789955,-0.05158083,-0.019220898,0.0005634772,0.0058358475,0.0009172034,-0.008575465
Tom Bischof,20,78.0,86.0,52.0,66.0,82.0,79.0,73.0,63.0,0,1,1,0,29449658.99999995,26704628.0,0.07601197,-0.17601064,-0.00096578733,0.01529761,0.006840117,0.020626275,0.007814457,-0.034833007,-0.04506971,0.00071564445,0.010128608,-0.0026954291,0.0018309248
